symbol,method,requests,empty_requests,returned_rows,accepted_rows,quarantined_rows,eligible_days,roeAvg_days,npMargin_days,YOYNI_days,YOYAsset_days,YOYEquity_days
SH600000,query_profit_data,13,0,13,13,0,488,488.0,488.0,,,
SH600000,query_growth_data,13,0,13,13,0,488,,,488.0,488.0,488.0
SH600005,query_profit_data,13,0,13,13,0,380,380.0,380.0,,,
SH600005,query_growth_data,13,0,13,13,0,380,,,380.0,380.0,380.0
SH600008,query_profit_data,13,0,13,13,0,488,488.0,488.0,,,
SH600008,query_growth_data,13,0,13,13,0,488,,,488.0,488.0,488.0
SH600009,query_profit_data,13,0,13,13,0,488,488.0,488.0,,,
SH600009,query_growth_data,13,0,13,13,0,488,,,488.0,488.0,488.0
SH600010,query_profit_data,13,0,13,13,0,488,488.0,488.0,,,
SH600010,query_growth_data,13,0,13,13,0,488,,,488.0,488.0,488.0
SH600011,query_profit_data,13,0,13,13,0,473,473.0,473.0,,,
SH600011,query_growth_data,13,0,13,13,0,473,,,473.0,473.0,473.0
SH600015,query_profit_data,13,0,13,13,0,488,488.0,488.0,,,
SH600015,query_growth_data,13,0,13,13,0,488,,,488.0,488.0,488.0
SH600016,query_profit_data,13,0,13,13,0,488,488.0,488.0,,,
SH600016,query_growth_data,13,0,13,13,0,488,,,488.0,488.0,488.0
SH600018,query_profit_data,13,0,13,13,0,488,488.0,488.0,,,
SH600018,query_growth_data,13,0,13,13,0,488,,,488.0,488.0,488.0
SH600019,query_profit_data,13,0,13,13,0,488,488.0,488.0,,,
SH600019,query_growth_data,13,0,13,13,0,488,,,488.0,488.0,488.0
SH600021,query_profit_data,13,0,13,13,0,258,258.0,258.0,,,
SH600021,query_growth_data,13,0,13,13,0,258,,,258.0,258.0,258.0
SH600022,query_profit_data,13,0,13,13,0,123,123.0,123.0,,,
SH600022,query_growth_data,13,0,13,13,0,123,,,123.0,123.0,123.0
SH600023,query_profit_data,13,1,12,12,0,488,488.0,488.0,,,
SH600023,query_growth_data,13,1,12,12,0,488,,,488.0,425.0,425.0
SH600027,query_profit_data,13,0,13,13,0,473,473.0,473.0,,,
SH600027,query_growth_data,13,0,13,13,0,473,,,473.0,473.0,473.0
SH600028,query_profit_data,13,0,13,13,0,488,488.0,488.0,,,
SH600028,query_growth_data,13,0,13,13,0,488,,,488.0,488.0,488.0
SH600029,query_profit_data,13,0,13,13,0,488,488.0,488.0,,,
SH600029,query_growth_data,13,0,13,13,0,488,,,488.0,488.0,488.0
SH600030,query_profit_data,13,0,13,13,0,488,488.0,488.0,,,
SH600030,query_growth_data,13,0,13,13,0,488,,,488.0,488.0,488.0
SH600031,query_profit_data,13,0,13,13,0,488,488.0,488.0,,,
SH600031,query_growth_data,13,0,13,13,0,488,,,488.0,488.0,488.0
SH600036,query_profit_data,13,0,13,13,0,488,488.0,488.0,,,
SH600036,query_growth_data,13,0,13,13,0,488,,,488.0,488.0,488.0
SH600037,query_profit_data,13,0,13,13,0,138,138.0,138.0,,,
SH600037,query_growth_data,13,0,13,13,0,138,,,138.0,138.0,138.0
SH600038,query_profit_data,13,0,13,13,0,488,488.0,488.0,,,
SH600038,query_growth_data,13,0,13,13,0,488,,,488.0,488.0,488.0
SH600048,query_profit_data,13,0,13,13,0,488,488.0,488.0,,,
SH600048,query_growth_data,13,0,13,13,0,488,,,488.0,488.0,488.0
SH600050,query_profit_data,13,0,13,13,0,488,488.0,488.0,,,
SH600050,query_growth_data,13,0,13,13,0,488,,,488.0,488.0,488.0
SH600058,query_profit_data,13,0,13,13,0,108,108.0,108.0,,,
SH600058,query_growth_data,13,0,13,13,0,108,,,108.0,108.0,108.0
SH600060,query_profit_data,13,0,13,13,0,488,488.0,488.0,,,
SH600060,query_growth_data,13,0,13,13,0,488,,,488.0,488.0,488.0
SH600061,query_profit_data,13,0,13,13,0,138,138.0,138.0,,,
SH600061,query_growth_data,13,0,13,13,0,138,,,138.0,138.0,138.0
SH600066,query_profit_data,13,0,13,13,0,488,488.0,488.0,,,
SH600066,query_growth_data,13,0,13,13,0,488,,,488.0,488.0,488.0
SH600068,query_profit_data,13,0,13,13,0,488,488.0,488.0,,,
SH600068,query_growth_data,13,0,13,13,0,488,,,488.0,488.0,488.0
SH600074,query_profit_data,13,0,13,13,0,138,138.0,138.0,,,
SH600074,query_growth_data,13,0,13,13,0,138,,,138.0,138.0,138.0
SH600079,query_profit_data,13,0,13,13,0,108,108.0,108.0,,,
SH600079,query_growth_data,13,0,13,13,0,108,,,108.0,108.0,108.0
SH600085,query_profit_data,13,0,13,13,0,488,488.0,488.0,,,
SH600085,query_growth_data,13,0,13,13,0,488,,,488.0,488.0,488.0
SH600089,query_profit_data,13,0,13,13,0,488,488.0,488.0,,,
SH600089,query_growth_data,13,0,13,13,0,488,,,488.0,488.0,488.0
SH600098,query_profit_data,13,0,13,13,0,123,123.0,123.0,,,
SH600098,query_growth_data,13,0,13,13,0,123,,,123.0,123.0,123.0
SH600100,query_profit_data,13,0,13,13,0,488,488.0,488.0,,,
SH600100,query_growth_data,13,0,13,13,0,488,,,488.0,488.0,488.0
SH600104,query_profit_data,13,0,13,13,0,488,488.0,488.0,,,
SH600104,query_growth_data,13,0,13,13,0,488,,,488.0,488.0,488.0
SH600108,query_profit_data,13,0,13,13,0,230,230.0,230.0,,,
SH600108,query_growth_data,13,0,13,13,0,230,,,230.0,230.0,230.0
SH600109,query_profit_data,13,0,13,13,0,488,488.0,488.0,,,
SH600109,query_growth_data,13,0,13,13,0,488,,,488.0,488.0,488.0
SH600111,query_profit_data,13,0,13,13,0,488,488.0,488.0,,,
SH600111,query_growth_data,13,0,13,13,0,488,,,488.0,488.0,488.0
SH600115,query_profit_data,13,0,13,13,0,488,488.0,488.0,,,
SH600115,query_growth_data,13,0,13,13,0,488,,,488.0,488.0,488.0
SH600118,query_profit_data,13,0,13,13,0,488,488.0,488.0,,,
SH600118,query_growth_data,13,0,13,13,0,488,,,488.0,488.0,488.0
SH600143,query_profit_data,13,0,13,13,0,108,108.0,108.0,,,
SH600143,query_growth_data,13,0,13,13,0,108,,,108.0,108.0,108.0
SH600150,query_profit_data,13,0,13,13,0,488,488.0,488.0,,,
SH600150,query_growth_data,13,0,13,13,0,488,,,488.0,488.0,488.0
SH600153,query_profit_data,13,0,13,13,0,488,488.0,488.0,,,
SH600153,query_growth_data,13,0,13,13,0,488,,,488.0,488.0,488.0
SH600157,query_profit_data,13,0,13,13,0,488,488.0,488.0,,,
SH600157,query_growth_data,13,0,13,13,0,488,,,488.0,488.0,488.0
SH600166,query_profit_data,13,0,13,13,0,350,350.0,350.0,,,
SH600166,query_growth_data,13,0,13,13,0,350,,,350.0,350.0,350.0
SH600170,query_profit_data,13,0,13,13,0,488,488.0,488.0,,,
SH600170,query_growth_data,13,0,13,13,0,488,,,488.0,488.0,488.0
SH600177,query_profit_data,13,0,13,13,0,488,488.0,488.0,,,
SH600177,query_growth_data,13,0,13,13,0,488,,,488.0,488.0,488.0
SH600188,query_profit_data,13,0,13,13,0,488,488.0,488.0,,,
SH600188,query_growth_data,13,0,13,13,0,488,,,488.0,488.0,488.0
SH600196,query_profit_data,13,0,13,13,0,488,488.0,488.0,,,
SH600196,query_growth_data,13,0,13,13,0,488,,,488.0,488.0,488.0
SH600208,query_profit_data,13,0,13,13,0,488,488.0,488.0,,,
SH600208,query_growth_data,13,0,13,13,0,488,,,488.0,488.0,488.0
SH600221,query_profit_data,13,0,13,13,0,488,488.0,488.0,,,
SH600221,query_growth_data,13,0,13,13,0,488,,,488.0,488.0,488.0
SH600252,query_profit_data,13,0,13,13,0,488,488.0,488.0,,,
SH600252,query_growth_data,13,0,13,13,0,488,,,488.0,488.0,488.0
SH600256,query_profit_data,13,0,13,13,0,488,488.0,488.0,,,
SH600256,query_growth_data,13,0,13,13,0,488,,,488.0,488.0,488.0
SH600267,query_profit_data,13,0,13,13,0,108,108.0,108.0,,,
SH600267,query_growth_data,13,0,13,13,0,108,,,108.0,108.0,108.0
SH600271,query_profit_data,13,0,13,13,0,488,488.0,488.0,,,
SH600271,query_growth_data,13,0,13,13,0,488,,,488.0,488.0,488.0
SH600276,query_profit_data,13,0,13,13,0,488,488.0,488.0,,,
SH600276,query_growth_data,13,0,13,13,0,488,,,488.0,488.0,488.0
SH600277,query_profit_data,13,0,13,13,0,230,230.0,230.0,,,
SH600277,query_growth_data,13,0,13,13,0,230,,,230.0,230.0,230.0
SH600297,query_profit_data,13,0,13,13,0,15,15.0,15.0,,,
SH600297,query_growth_data,13,0,13,13,0,15,,,15.0,15.0,15.0
SH600309,query_profit_data,13,0,13,13,0,488,488.0,488.0,,,
SH600309,query_growth_data,13,0,13,13,0,488,,,488.0,488.0,488.0
SH600315,query_profit_data,13,0,13,13,0,350,350.0,350.0,,,
SH600315,query_growth_data,13,0,13,13,0,350,,,350.0,350.0,350.0
SH600316,query_profit_data,13,0,13,13,0,230,230.0,230.0,,,
SH600316,query_growth_data,13,0,13,13,0,230,,,230.0,230.0,230.0
SH600317,query_profit_data,13,0,13,13,0,365,365.0,365.0,,,
SH600317,query_growth_data,13,0,13,13,0,365,,,365.0,365.0,365.0
SH600332,query_profit_data,13,0,13,13,0,488,488.0,488.0,,,
SH600332,query_growth_data,13,0,13,13,0,488,,,488.0,488.0,488.0
SH600340,query_profit_data,13,0,13,13,0,488,488.0,488.0,,,
SH600340,query_growth_data,13,0,13,13,0,488,,,488.0,488.0,488.0
SH600348,query_profit_data,13,0,13,13,0,230,230.0,230.0,,,
SH600348,query_growth_data,13,0,13,13,0,230,,,230.0,230.0,230.0
SH600350,query_profit_data,13,0,13,13,0,120,120.0,120.0,,,
SH600350,query_growth_data,13,0,13,13,0,120,,,120.0,120.0,120.0
SH600352,query_profit_data,13,0,13,13,0,488,488.0,488.0,,,
SH600352,query_growth_data,13,0,13,13,0,488,,,488.0,488.0,488.0
SH600362,query_profit_data,13,0,13,13,0,488,488.0,488.0,,,
SH600362,query_growth_data,13,0,13,13,0,488,,,488.0,488.0,488.0
SH600369,query_profit_data,13,0,13,13,0,488,488.0,488.0,,,
SH600369,query_growth_data,13,0,13,13,0,488,,,488.0,488.0,488.0
SH600372,query_profit_data,13,0,13,13,0,488,488.0,488.0,,,
SH600372,query_growth_data,13,0,13,13,0,488,,,488.0,488.0,488.0
SH600373,query_profit_data,13,0,13,13,0,488,488.0,488.0,,,
SH600373,query_growth_data,13,0,13,13,0,488,,,488.0,488.0,488.0
SH600376,query_profit_data,13,0,13,13,0,138,138.0,138.0,,,
SH600376,query_growth_data,13,0,13,13,0,138,,,138.0,138.0,138.0
SH600383,query_profit_data,13,0,13,13,0,488,488.0,488.0,,,
SH600383,query_growth_data,13,0,13,13,0,488,,,488.0,488.0,488.0
SH600395,query_profit_data,13,0,13,13,0,108,108.0,108.0,,,
SH600395,query_growth_data,13,0,13,13,0,108,,,108.0,108.0,108.0
SH600398,query_profit_data,13,0,13,13,0,473,473.0,473.0,,,
SH600398,query_growth_data,13,0,13,13,0,473,,,473.0,473.0,473.0
SH600406,query_profit_data,13,0,13,13,0,488,488.0,488.0,,,
SH600406,query_growth_data,13,0,13,13,0,488,,,488.0,488.0,488.0
SH600415,query_profit_data,13,0,13,13,0,488,488.0,488.0,,,
SH600415,query_growth_data,13,0,13,13,0,488,,,488.0,488.0,488.0
SH600436,query_profit_data,13,0,13,13,0,108,108.0,108.0,,,
SH600436,query_growth_data,13,0,13,13,0,108,,,108.0,108.0,108.0
SH600446,query_profit_data,13,0,13,13,0,138,138.0,138.0,,,
SH600446,query_growth_data,13,0,13,13,0,138,,,138.0,138.0,138.0
SH600482,query_profit_data,13,0,13,13,0,15,15.0,15.0,,,
SH600482,query_growth_data,13,0,13,13,0,15,,,15.0,15.0,15.0
SH600485,query_profit_data,13,0,13,13,0,488,488.0,488.0,,,
SH600485,query_growth_data,13,0,13,13,0,488,,,488.0,488.0,488.0
SH600489,query_profit_data,13,0,13,13,0,488,488.0,488.0,,,
SH600489,query_growth_data,13,0,13,13,0,488,,,488.0,488.0,488.0
SH600497,query_profit_data,13,0,13,13,0,230,230.0,230.0,,,
SH600497,query_growth_data,13,0,13,13,0,230,,,230.0,230.0,230.0
SH600498,query_profit_data,13,0,13,13,0,123,123.0,123.0,,,
SH600498,query_growth_data,13,0,13,13,0,123,,,123.0,123.0,123.0
SH600516,query_profit_data,13,0,13,13,0,230,230.0,230.0,,,
SH600516,query_growth_data,13,0,13,13,0,230,,,230.0,230.0,230.0
SH600518,query_profit_data,13,0,13,13,0,488,488.0,488.0,,,
SH600518,query_growth_data,13,0,13,13,0,488,,,488.0,488.0,488.0
SH600519,query_profit_data,13,0,13,13,0,488,488.0,488.0,,,
SH600519,query_growth_data,13,0,13,13,0,488,,,488.0,488.0,488.0
SH600535,query_profit_data,13,0,13,13,0,488,488.0,488.0,,,
SH600535,query_growth_data,13,0,13,13,0,488,,,488.0,488.0,488.0
SH600547,query_profit_data,13,0,13,13,0,488,488.0,488.0,,,
SH600547,query_growth_data,13,0,13,13,0,488,,,488.0,488.0,488.0
SH600549,query_profit_data,13,0,13,13,0,350,350.0,350.0,,,
SH600549,query_growth_data,13,0,13,13,0,350,,,350.0,350.0,350.0
SH600570,query_profit_data,13,0,13,13,0,488,488.0,488.0,,,
SH600570,query_growth_data,13,0,13,13,0,488,,,488.0,488.0,488.0
SH600578,query_profit_data,13,0,13,13,0,473,473.0,473.0,,,
SH600578,query_growth_data,13,0,13,13,0,473,,,473.0,473.0,473.0
SH600582,query_profit_data,13,0,13,13,0,138,138.0,138.0,,,
SH600582,query_growth_data,13,0,13,13,0,138,,,138.0,138.0,138.0
SH600583,query_profit_data,13,0,13,13,0,488,488.0,488.0,,,
SH600583,query_growth_data,13,0,13,13,0,488,,,488.0,488.0,488.0
SH600585,query_profit_data,13,0,13,13,0,488,488.0,488.0,,,
SH600585,query_growth_data,13,0,13,13,0,488,,,488.0,488.0,488.0
SH600588,query_profit_data,13,0,13,13,0,488,488.0,488.0,,,
SH600588,query_growth_data,13,0,13,13,0,488,,,488.0,488.0,488.0
SH600597,query_profit_data,13,0,13,13,0,230,230.0,230.0,,,
SH600597,query_growth_data,13,0,13,13,0,230,,,230.0,230.0,230.0
SH600600,query_profit_data,13,0,13,13,0,473,473.0,473.0,,,
SH600600,query_growth_data,13,0,13,13,0,473,,,473.0,473.0,473.0
SH600606,query_profit_data,13,0,13,13,0,138,138.0,138.0,,,
SH600606,query_growth_data,13,0,13,13,0,138,,,138.0,138.0,138.0
SH600633,query_profit_data,13,0,13,13,0,350,350.0,350.0,,,
SH600633,query_growth_data,13,0,13,13,0,350,,,350.0,350.0,350.0
SH600637,query_profit_data,13,0,13,13,0,488,488.0,488.0,,,
SH600637,query_growth_data,13,0,13,13,0,488,,,488.0,488.0,488.0
SH600642,query_profit_data,13,0,13,13,0,473,473.0,473.0,,,
SH600642,query_growth_data,13,0,13,13,0,473,,,473.0,473.0,473.0
SH600648,query_profit_data,13,0,13,13,0,488,488.0,488.0,,,
SH600648,query_growth_data,13,0,13,13,0,488,,,488.0,488.0,488.0
SH600649,query_profit_data,13,0,13,13,0,488,488.0,488.0,,,
SH600649,query_growth_data,13,0,13,13,0,488,,,488.0,488.0,488.0
SH600654,query_profit_data,13,0,13,13,0,15,15.0,15.0,,,
SH600654,query_growth_data,13,0,13,13,0,15,,,15.0,15.0,15.0
SH600655,query_profit_data,13,0,13,13,0,108,108.0,108.0,,,
SH600655,query_growth_data,13,0,13,13,0,108,,,108.0,108.0,108.0
SH600660,query_profit_data,13,0,13,13,0,488,488.0,488.0,,,
SH600660,query_growth_data,13,0,13,13,0,488,,,488.0,488.0,488.0
SH600663,query_profit_data,13,0,13,13,0,488,488.0,488.0,,,
SH600663,query_growth_data,13,0,13,13,0,488,,,488.0,488.0,488.0
SH600664,query_profit_data,13,0,13,13,0,108,108.0,108.0,,,
SH600664,query_growth_data,13,0,13,13,0,108,,,108.0,108.0,108.0
SH600666,query_profit_data,13,0,13,13,0,138,138.0,138.0,,,
SH600666,query_growth_data,13,0,13,13,0,138,,,138.0,138.0,138.0
SH600674,query_profit_data,13,0,13,13,0,488,488.0,488.0,,,
SH600674,query_growth_data,13,0,13,13,0,488,,,488.0,488.0,488.0
SH600685,query_profit_data,13,0,13,13,0,138,138.0,138.0,,,
SH600685,query_growth_data,13,0,13,13,0,138,,,138.0,138.0,138.0
SH600688,query_profit_data,13,0,13,13,0,488,488.0,488.0,,,
SH600688,query_growth_data,13,0,13,13,0,488,,,488.0,488.0,488.0
SH600690,query_profit_data,13,0,13,13,0,488,488.0,488.0,,,
SH600690,query_growth_data,13,0,13,13,0,488,,,488.0,488.0,488.0
SH600703,query_profit_data,13,0,13,13,0,488,488.0,488.0,,,
SH600703,query_growth_data,13,0,13,13,0,488,,,488.0,488.0,488.0
SH600704,query_profit_data,13,0,13,13,0,138,138.0,138.0,,,
SH600704,query_growth_data,13,0,13,13,0,138,,,138.0,138.0,138.0
SH600705,query_profit_data,13,0,13,13,0,488,488.0,488.0,,,
SH600705,query_growth_data,13,0,13,13,0,488,,,488.0,488.0,488.0
SH600717,query_profit_data,13,0,13,13,0,242,242.0,242.0,,,
SH600717,query_growth_data,13,0,13,13,0,242,,,242.0,242.0,242.0
SH600718,query_profit_data,13,0,13,13,0,488,488.0,488.0,,,
SH600718,query_growth_data,13,0,13,13,0,488,,,488.0,488.0,488.0
SH600737,query_profit_data,13,0,13,13,0,138,138.0,138.0,,,
SH600737,query_growth_data,13,0,13,13,0,138,,,138.0,138.0,138.0
SH600739,query_profit_data,13,0,13,13,0,488,488.0,488.0,,,
SH600739,query_growth_data,13,0,13,13,0,488,,,488.0,488.0,488.0
SH600741,query_profit_data,13,0,13,13,0,488,488.0,488.0,,,
SH600741,query_growth_data,13,0,13,13,0,488,,,488.0,488.0,488.0
SH600754,query_profit_data,13,0,13,13,0,15,15.0,15.0,,,
SH600754,query_growth_data,13,0,13,13,0,15,,,15.0,15.0,15.0
SH600783,query_profit_data,13,0,13,13,0,488,488.0,488.0,,,
SH600783,query_growth_data,13,0,13,13,0,488,,,488.0,488.0,488.0
SH600795,query_profit_data,13,0,13,13,0,488,488.0,488.0,,,
SH600795,query_growth_data,13,0,13,13,0,488,,,488.0,488.0,488.0
SH600804,query_profit_data,13,0,13,13,0,488,488.0,488.0,,,
SH600804,query_growth_data,13,0,13,13,0,488,,,488.0,488.0,488.0
SH600809,query_profit_data,13,0,13,13,0,230,230.0,230.0,,,
SH600809,query_growth_data,13,0,13,13,0,230,,,230.0,230.0,230.0
SH600816,query_profit_data,13,0,13,13,0,138,138.0,138.0,,,
SH600816,query_growth_data,13,0,13,13,0,138,,,138.0,138.0,138.0
SH600820,query_profit_data,13,0,13,13,0,258,258.0,258.0,,,
SH600820,query_growth_data,13,0,13,13,0,258,,,258.0,258.0,258.0
SH600827,query_profit_data,13,0,13,13,0,488,488.0,488.0,,,
SH600827,query_growth_data,13,0,13,13,0,488,,,488.0,488.0,488.0
SH600832,query_profit_data,13,6,7,7,0,93,93.0,93.0,,,
SH600832,query_growth_data,13,6,7,7,0,93,,,93.0,93.0,93.0
SH600837,query_profit_data,13,0,13,13,0,488,488.0,488.0,,,
SH600837,query_growth_data,13,0,13,13,0,488,,,488.0,488.0,488.0
SH600839,query_profit_data,13,0,13,13,0,488,488.0,488.0,,,
SH600839,query_growth_data,13,0,13,13,0,488,,,488.0,488.0,488.0
SH600863,query_profit_data,13,0,13,13,0,473,473.0,473.0,,,
SH600863,query_growth_data,13,0,13,13,0,473,,,473.0,473.0,473.0
SH600867,query_profit_data,13,0,13,13,0,488,488.0,488.0,,,
SH600867,query_growth_data,13,0,13,13,0,488,,,488.0,488.0,488.0
SH600871,query_profit_data,13,0,13,13,0,138,138.0,138.0,,,
SH600871,query_growth_data,13,0,13,13,0,138,,,138.0,138.0,138.0
SH600873,query_profit_data,13,0,13,13,0,488,488.0,488.0,,,
SH600873,query_growth_data,13,0,13,13,0,488,,,488.0,488.0,488.0
SH600875,query_profit_data,13,0,13,13,0,488,488.0,488.0,,,
SH600875,query_growth_data,13,0,13,13,0,488,,,488.0,488.0,488.0
SH600880,query_profit_data,13,0,13,13,0,108,108.0,108.0,,,
SH600880,query_growth_data,13,0,13,13,0,108,,,108.0,108.0,108.0
SH600886,query_profit_data,13,0,13,13,0,488,488.0,488.0,,,
SH600886,query_growth_data,13,0,13,13,0,488,,,488.0,488.0,488.0
SH600887,query_profit_data,13,0,13,13,0,488,488.0,488.0,,,
SH600887,query_growth_data,13,0,13,13,0,488,,,488.0,488.0,488.0
SH600893,query_profit_data,13,0,13,13,0,488,488.0,488.0,,,
SH600893,query_growth_data,13,0,13,13,0,488,,,488.0,488.0,488.0
SH600895,query_profit_data,13,0,13,13,0,258,258.0,258.0,,,
SH600895,query_growth_data,13,0,13,13,0,258,,,258.0,258.0,258.0
SH600900,query_profit_data,13,0,13,13,0,488,488.0,488.0,,,
SH600900,query_growth_data,13,0,13,13,0,488,,,488.0,488.0,488.0
SH600958,query_profit_data,13,6,7,7,0,380,380.0,380.0,,,
SH600958,query_growth_data,13,6,7,7,0,380,,,380.0,290.0,290.0
SH600959,query_profit_data,13,6,7,7,0,258,258.0,258.0,,,
SH600959,query_growth_data,13,6,7,7,0,258,,,258.0,173.0,173.0
SH600998,query_profit_data,13,0,13,13,0,473,473.0,473.0,,,
SH600998,query_growth_data,13,0,13,13,0,473,,,473.0,473.0,473.0
SH600999,query_profit_data,13,0,13,13,0,488,488.0,488.0,,,
SH600999,query_growth_data,13,0,13,13,0,488,,,488.0,488.0,488.0
SH601006,query_profit_data,13,0,13,13,0,488,488.0,488.0,,,
SH601006,query_growth_data,13,0,13,13,0,488,,,488.0,488.0,488.0
SH601009,query_profit_data,13,0,13,13,0,488,488.0,488.0,,,
SH601009,query_growth_data,13,0,13,13,0,488,,,488.0,488.0,488.0
SH601016,query_profit_data,13,4,9,9,0,243,243.0,243.0,,,
SH601016,query_growth_data,13,4,9,9,0,243,,,243.0,243.0,243.0
SH601018,query_profit_data,13,0,13,13,0,488,488.0,488.0,,,
SH601018,query_growth_data,13,0,13,13,0,488,,,488.0,488.0,488.0
SH601021,query_profit_data,13,5,8,8,0,380,380.0,380.0,,,
SH601021,query_growth_data,13,5,8,8,0,380,,,380.0,330.0,330.0
SH601088,query_profit_data,13,0,13,13,0,488,488.0,488.0,,,
SH601088,query_growth_data,13,0,13,13,0,488,,,488.0,488.0,488.0
SH601098,query_profit_data,13,0,13,13,0,473,473.0,473.0,,,
SH601098,query_growth_data,13,0,13,13,0,473,,,473.0,473.0,473.0
SH601099,query_profit_data,13,0,13,13,0,380,380.0,380.0,,,
SH601099,query_growth_data,13,0,13,13,0,380,,,380.0,380.0,380.0
SH601106,query_profit_data,13,0,13,13,0,365,365.0,365.0,,,
SH601106,query_growth_data,13,0,13,13,0,365,,,365.0,365.0,365.0
SH601111,query_profit_data,13,0,13,13,0,488,488.0,488.0,,,
SH601111,query_growth_data,13,0,13,13,0,488,,,488.0,488.0,488.0
SH601117,query_profit_data,13,0,13,13,0,473,473.0,473.0,,,
SH601117,query_growth_data,13,0,13,13,0,473,,,473.0,473.0,473.0
SH601118,query_profit_data,13,0,13,13,0,488,488.0,488.0,,,
SH601118,query_growth_data,13,0,13,13,0,488,,,488.0,488.0,488.0
SH601127,query_profit_data,13,11,2,2,0,15,15.0,15.0,,,
SH601127,query_growth_data,13,11,2,2,0,15,,,15.0,0.0,0.0
SH601155,query_profit_data,13,9,4,4,0,15,15.0,15.0,,,
SH601155,query_growth_data,13,9,4,4,0,15,,,15.0,15.0,15.0
SH601158,query_profit_data,13,0,13,13,0,350,350.0,350.0,,,
SH601158,query_growth_data,13,0,13,13,0,350,,,350.0,350.0,350.0
SH601166,query_profit_data,13,0,13,13,0,488,488.0,488.0,,,
SH601166,query_growth_data,13,0,13,13,0,488,,,488.0,488.0,488.0
SH601168,query_profit_data,13,0,13,13,0,230,230.0,230.0,,,
SH601168,query_growth_data,13,0,13,13,0,230,,,230.0,230.0,230.0
SH601169,query_profit_data,13,0,13,13,0,488,488.0,488.0,,,
SH601169,query_growth_data,13,0,13,13,0,488,,,488.0,488.0,488.0
SH601179,query_profit_data,13,0,13,13,0,473,473.0,473.0,,,
SH601179,query_growth_data,13,0,13,13,0,473,,,473.0,473.0,473.0
SH601186,query_profit_data,13,0,13,13,0,488,488.0,488.0,,,
SH601186,query_growth_data,13,0,13,13,0,488,,,488.0,488.0,488.0
SH601198,query_profit_data,13,6,7,7,0,258,258.0,258.0,,,
SH601198,query_growth_data,13,6,7,7,0,258,,,258.0,258.0,258.0
SH601211,query_profit_data,13,7,6,6,0,258,258.0,258.0,,,
SH601211,query_growth_data,13,7,6,6,0,258,,,258.0,169.0,169.0
SH601216,query_profit_data,13,0,13,13,0,488,488.0,488.0,,,
SH601216,query_growth_data,13,0,13,13,0,488,,,488.0,488.0,488.0
SH601225,query_profit_data,13,1,12,12,0,488,488.0,488.0,,,
SH601225,query_growth_data,13,1,12,12,0,488,,,488.0,414.0,414.0
SH601231,query_profit_data,13,0,13,13,0,350,350.0,350.0,,,
SH601231,query_growth_data,13,0,13,13,0,350,,,350.0,350.0,350.0
SH601238,query_profit_data,13,0,13,13,0,120,120.0,120.0,,,
SH601238,query_growth_data,13,0,13,13,0,120,,,120.0,120.0,120.0
SH601258,query_profit_data,13,0,13,13,0,488,488.0,488.0,,,
SH601258,query_growth_data,13,0,13,13,0,488,,,488.0,488.0,488.0
SH601288,query_profit_data,13,0,13,13,0,488,488.0,488.0,,,
SH601288,query_growth_data,13,0,13,13,0,488,,,488.0,488.0,488.0
SH601299,query_profit_data,13,6,7,7,0,93,93.0,93.0,,,
SH601299,query_growth_data,13,6,7,7,0,93,,,93.0,93.0,93.0
SH601318,query_profit_data,13,0,13,13,0,488,488.0,488.0,,,
SH601318,query_growth_data,13,0,13,13,0,488,,,488.0,488.0,488.0
SH601328,query_profit_data,13,0,13,13,0,488,488.0,488.0,,,
SH601328,query_growth_data,13,0,13,13,0,488,,,488.0,488.0,488.0
SH601333,query_profit_data,13,0,13,13,0,488,488.0,488.0,,,
SH601333,query_growth_data,13,0,13,13,0,488,,,488.0,488.0,488.0
SH601336,query_profit_data,13,0,13,13,0,488,488.0,488.0,,,
SH601336,query_growth_data,13,0,13,13,0,488,,,488.0,488.0,488.0
SH601377,query_profit_data,13,0,13,13,0,488,488.0,488.0,,,
SH601377,query_growth_data,13,0,13,13,0,488,,,488.0,488.0,488.0
SH601390,query_profit_data,13,0,13,13,0,488,488.0,488.0,,,
SH601390,query_growth_data,13,0,13,13,0,488,,,488.0,488.0,488.0
SH601398,query_profit_data,13,0,13,13,0,488,488.0,488.0,,,
SH601398,query_growth_data,13,0,13,13,0,488,,,488.0,488.0,488.0
SH601555,query_profit_data,13,0,13,13,0,488,488.0,488.0,,,
SH601555,query_growth_data,13,0,13,13,0,488,,,488.0,488.0,488.0
SH601600,query_profit_data,13,0,13,13,0,488,488.0,488.0,,,
SH601600,query_growth_data,13,0,13,13,0,488,,,488.0,488.0,488.0
SH601601,query_profit_data,13,0,13,13,0,488,488.0,488.0,,,
SH601601,query_growth_data,13,0,13,13,0,488,,,488.0,488.0,488.0
SH601607,query_profit_data,13,0,13,13,0,488,488.0,488.0,,,
SH601607,query_growth_data,13,0,13,13,0,488,,,488.0,488.0,488.0
SH601608,query_profit_data,13,0,13,13,0,258,258.0,258.0,,,
SH601608,query_growth_data,13,0,13,13,0,258,,,258.0,258.0,258.0
SH601611,query_profit_data,13,11,2,2,0,15,15.0,15.0,,,
SH601611,query_growth_data,13,11,2,2,0,15,,,15.0,15.0,15.0
SH601618,query_profit_data,13,0,13,13,0,488,488.0,488.0,,,
SH601618,query_growth_data,13,0,13,13,0,488,,,488.0,488.0,488.0
SH601628,query_profit_data,13,0,13,13,0,488,488.0,488.0,,,
SH601628,query_growth_data,13,0,13,13,0,488,,,488.0,488.0,488.0
SH601633,query_profit_data,13,0,13,13,0,488,488.0,488.0,,,
SH601633,query_growth_data,13,0,13,13,0,488,,,488.0,488.0,488.0
SH601668,query_profit_data,13,0,13,13,0,488,488.0,488.0,,,
SH601668,query_growth_data,13,0,13,13,0,488,,,488.0,488.0,488.0
SH601669,query_profit_data,13,0,13,13,0,488,488.0,488.0,,,
SH601669,query_growth_data,13,0,13,13,0,488,,,488.0,488.0,488.0
SH601688,query_profit_data,13,0,13,13,0,488,488.0,488.0,,,
SH601688,query_growth_data,13,0,13,13,0,488,,,488.0,488.0,488.0
SH601699,query_profit_data,13,0,13,13,0,350,350.0,350.0,,,
SH601699,query_growth_data,13,0,13,13,0,350,,,350.0,350.0,350.0
SH601718,query_profit_data,13,0,13,13,0,258,258.0,258.0,,,
SH601718,query_growth_data,13,0,13,13,0,258,,,258.0,258.0,258.0
SH601727,query_profit_data,13,0,13,13,0,488,488.0,488.0,,,
SH601727,query_growth_data,13,0,13,13,0,488,,,488.0,488.0,488.0
SH601766,query_profit_data,13,0,13,13,0,488,488.0,488.0,,,
SH601766,query_growth_data,13,0,13,13,0,488,,,488.0,488.0,488.0
SH601788,query_profit_data,13,0,13,13,0,380,380.0,380.0,,,
SH601788,query_growth_data,13,0,13,13,0,380,,,380.0,380.0,380.0
SH601800,query_profit_data,13,0,13,13,0,488,488.0,488.0,,,
SH601800,query_growth_data,13,0,13,13,0,488,,,488.0,488.0,488.0
SH601808,query_profit_data,13,0,13,13,0,473,473.0,473.0,,,
SH601808,query_growth_data,13,0,13,13,0,473,,,473.0,473.0,473.0
SH601818,query_profit_data,13,0,13,13,0,488,488.0,488.0,,,
SH601818,query_growth_data,13,0,13,13,0,488,,,488.0,488.0,488.0
SH601857,query_profit_data,13,0,13,13,0,488,488.0,488.0,,,
SH601857,query_growth_data,13,0,13,13,0,488,,,488.0,488.0,488.0
SH601866,query_profit_data,13,0,13,13,0,488,488.0,488.0,,,
SH601866,query_growth_data,13,0,13,13,0,488,,,488.0,488.0,488.0
SH601872,query_profit_data,13,0,13,13,0,258,258.0,258.0,,,
SH601872,query_growth_data,13,0,13,13,0,258,,,258.0,258.0,258.0
SH601877,query_profit_data,13,0,13,13,0,15,15.0,15.0,,,
SH601877,query_growth_data,13,0,13,13,0,15,,,15.0,15.0,15.0
SH601888,query_profit_data,13,0,13,13,0,488,488.0,488.0,,,
SH601888,query_growth_data,13,0,13,13,0,488,,,488.0,488.0,488.0
SH601898,query_profit_data,13,0,13,13,0,473,473.0,473.0,,,
SH601898,query_growth_data,13,0,13,13,0,473,,,473.0,424.0,424.0
SH601899,query_profit_data,13,0,13,13,0,488,488.0,488.0,,,
SH601899,query_growth_data,13,0,13,13,0,488,,,488.0,488.0,488.0
SH601901,query_profit_data,13,0,13,13,0,488,488.0,488.0,,,
SH601901,query_growth_data,13,0,13,13,0,488,,,488.0,488.0,488.0
SH601919,query_profit_data,13,0,13,13,0,380,380.0,380.0,,,
SH601919,query_growth_data,13,0,13,13,0,380,,,380.0,380.0,380.0
SH601928,query_profit_data,13,0,13,13,0,488,488.0,488.0,,,
SH601928,query_growth_data,13,0,13,13,0,488,,,488.0,488.0,488.0
SH601929,query_profit_data,13,0,13,13,0,230,230.0,230.0,,,
SH601929,query_growth_data,13,0,13,13,0,230,,,230.0,230.0,230.0
SH601933,query_profit_data,13,0,13,13,0,488,488.0,488.0,,,
SH601933,query_growth_data,13,0,13,13,0,488,,,488.0,488.0,488.0
SH601939,query_profit_data,13,0,13,13,0,488,488.0,488.0,,,
SH601939,query_growth_data,13,0,13,13,0,488,,,488.0,488.0,488.0
SH601958,query_profit_data,13,0,13,13,0,488,488.0,488.0,,,
SH601958,query_growth_data,13,0,13,13,0,488,,,488.0,488.0,488.0
SH601969,query_profit_data,13,5,8,8,0,242,242.0,242.0,,,
SH601969,query_growth_data,13,5,8,8,0,242,,,242.0,191.0,191.0
SH601985,query_profit_data,13,7,6,6,0,258,258.0,258.0,,,
SH601985,query_growth_data,13,7,6,6,0,258,,,258.0,165.0,165.0
SH601988,query_profit_data,13,0,13,13,0,488,488.0,488.0,,,
SH601988,query_growth_data,13,0,13,13,0,488,,,488.0,488.0,488.0
SH601989,query_profit_data,13,0,13,13,0,488,488.0,488.0,,,
SH601989,query_growth_data,13,0,13,13,0,488,,,488.0,488.0,488.0
SH601991,query_profit_data,13,0,13,13,0,365,365.0,365.0,,,
SH601991,query_growth_data,13,0,13,13,0,365,,,365.0,365.0,365.0
SH601992,query_profit_data,13,0,13,13,0,473,473.0,473.0,,,
SH601992,query_growth_data,13,0,13,13,0,473,,,473.0,473.0,473.0
SH601998,query_profit_data,13,0,13,13,0,488,488.0,488.0,,,
SH601998,query_growth_data,13,0,13,13,0,488,,,488.0,488.0,488.0
SH603000,query_profit_data,13,0,13,13,0,488,488.0,488.0,,,
SH603000,query_growth_data,13,0,13,13,0,488,,,488.0,488.0,488.0
SH603288,query_profit_data,13,1,12,12,0,350,350.0,350.0,,,
SH603288,query_growth_data,13,1,12,12,0,350,,,350.0,350.0,350.0
SH603699,query_profit_data,13,1,12,12,0,108,108.0,108.0,,,
SH603699,query_growth_data,13,1,12,12,0,108,,,108.0,108.0,108.0
SH603885,query_profit_data,13,7,6,6,0,258,258.0,258.0,,,
SH603885,query_growth_data,13,7,6,6,0,258,,,258.0,175.0,175.0
SH603993,query_profit_data,13,0,13,13,0,488,488.0,488.0,,,
SH603993,query_growth_data,13,0,13,13,0,488,,,488.0,488.0,488.0
SZ000001,query_profit_data,13,0,13,13,0,488,488.0,488.0,,,
SZ000001,query_growth_data,13,0,13,13,0,488,,,488.0,488.0,488.0
SZ000002,query_profit_data,13,0,13,13,0,488,488.0,488.0,,,
SZ000002,query_growth_data,13,0,13,13,0,488,,,488.0,488.0,488.0
SZ000008,query_profit_data,13,0,13,13,0,15,15.0,15.0,,,
SZ000008,query_growth_data,13,0,13,13,0,15,,,15.0,15.0,15.0
SZ000009,query_profit_data,13,0,13,13,0,488,488.0,488.0,,,
SZ000009,query_growth_data,13,0,13,13,0,488,,,488.0,488.0,488.0
SZ000024,query_profit_data,13,4,9,9,0,244,244.0,244.0,,,
SZ000024,query_growth_data,13,4,9,9,0,244,,,244.0,244.0,244.0
SZ000027,query_profit_data,13,0,13,13,0,488,488.0,488.0,,,
SZ000027,query_growth_data,13,0,13,13,0,488,,,488.0,488.0,488.0
SZ000039,query_profit_data,13,0,13,13,0,488,488.0,488.0,,,
SZ000039,query_growth_data,13,0,13,13,0,488,,,488.0,488.0,488.0
SZ000046,query_profit_data,13,0,13,13,0,365,365.0,365.0,,,
SZ000046,query_growth_data,13,0,13,13,0,365,,,365.0,365.0,365.0
SZ000060,query_profit_data,13,0,13,13,0,488,488.0,488.0,,,
SZ000060,query_growth_data,13,0,13,13,0,488,,,488.0,488.0,488.0
SZ000061,query_profit_data,13,0,13,13,0,488,488.0,488.0,,,
SZ000061,query_growth_data,13,0,13,13,0,488,,,488.0,488.0,488.0
SZ000063,query_profit_data,13,0,13,13,0,488,488.0,488.0,,,
SZ000063,query_growth_data,13,0,13,13,0,488,,,488.0,488.0,488.0
SZ000069,query_profit_data,13,0,13,13,0,488,488.0,488.0,,,
SZ000069,query_growth_data,13,0,13,13,0,488,,,488.0,488.0,488.0
SZ000100,query_profit_data,13,0,13,13,0,488,488.0,488.0,,,
SZ000100,query_growth_data,13,0,13,13,0,488,,,488.0,488.0,488.0
SZ000156,query_profit_data,13,0,13,13,0,488,488.0,488.0,,,
SZ000156,query_growth_data,13,0,13,13,0,488,,,488.0,488.0,488.0
SZ000157,query_profit_data,13,0,13,13,0,488,488.0,488.0,,,
SZ000157,query_growth_data,13,0,13,13,0,488,,,488.0,488.0,488.0
SZ000166,query_profit_data,13,5,8,8,0,473,410.0,410.0,,,
SZ000166,query_growth_data,13,5,8,8,0,473,,,410.0,203.0,203.0
SZ000333,query_profit_data,13,0,13,13,0,488,488.0,488.0,,,
SZ000333,query_growth_data,13,0,13,13,0,488,,,488.0,488.0,488.0
SZ000338,query_profit_data,13,0,13,13,0,488,488.0,488.0,,,
SZ000338,query_growth_data,13,0,13,13,0,488,,,488.0,488.0,488.0
SZ000400,query_profit_data,13,0,13,13,0,350,350.0,350.0,,,
SZ000400,query_growth_data,13,0,13,13,0,350,,,350.0,350.0,350.0
SZ000401,query_profit_data,13,0,13,13,0,108,108.0,108.0,,,
SZ000401,query_growth_data,13,0,13,13,0,108,,,108.0,108.0,108.0
SZ000402,query_profit_data,13,0,13,13,0,488,488.0,488.0,,,
SZ000402,query_growth_data,13,0,13,13,0,488,,,488.0,488.0,488.0
SZ000413,query_profit_data,13,0,13,13,0,488,488.0,488.0,,,
SZ000413,query_growth_data,13,0,13,13,0,488,,,488.0,488.0,488.0
SZ000415,query_profit_data,13,0,13,13,0,258,258.0,258.0,,,
SZ000415,query_growth_data,13,0,13,13,0,258,,,258.0,258.0,258.0
SZ000423,query_profit_data,13,0,13,13,0,488,488.0,488.0,,,
SZ000423,query_growth_data,13,0,13,13,0,488,,,488.0,488.0,488.0
SZ000425,query_profit_data,13,0,13,13,0,488,488.0,488.0,,,
SZ000425,query_growth_data,13,0,13,13,0,488,,,488.0,488.0,488.0
SZ000503,query_profit_data,13,0,13,13,0,488,488.0,488.0,,,
SZ000503,query_growth_data,13,0,13,13,0,488,,,488.0,488.0,488.0
SZ000536,query_profit_data,13,0,13,13,0,108,108.0,108.0,,,
SZ000536,query_growth_data,13,0,13,13,0,108,,,108.0,108.0,108.0
SZ000538,query_profit_data,13,0,13,13,0,488,488.0,488.0,,,
SZ000538,query_growth_data,13,0,13,13,0,488,,,488.0,488.0,488.0
SZ000539,query_profit_data,13,0,13,13,0,242,242.0,242.0,,,
SZ000539,query_growth_data,13,0,13,13,0,242,,,242.0,242.0,242.0
SZ000540,query_profit_data,13,0,13,13,0,258,258.0,258.0,,,
SZ000540,query_growth_data,13,0,13,13,0,258,,,258.0,258.0,258.0
SZ000555,query_profit_data,13,0,13,13,0,15,15.0,15.0,,,
SZ000555,query_growth_data,13,0,13,13,0,15,,,15.0,15.0,15.0
SZ000559,query_profit_data,13,0,13,13,0,488,488.0,488.0,,,
SZ000559,query_growth_data,13,0,13,13,0,488,,,488.0,488.0,488.0
SZ000562,query_profit_data,13,8,5,5,0,15,15.0,15.0,,,
SZ000562,query_growth_data,13,8,5,5,0,15,,,15.0,15.0,15.0
SZ000568,query_profit_data,13,0,13,13,0,488,488.0,488.0,,,
SZ000568,query_growth_data,13,0,13,13,0,488,,,488.0,488.0,488.0
SZ000581,query_profit_data,13,0,13,13,0,350,350.0,350.0,,,
SZ000581,query_growth_data,13,0,13,13,0,350,,,350.0,350.0,350.0
SZ000598,query_profit_data,13,0,13,13,0,350,350.0,350.0,,,
SZ000598,query_growth_data,13,0,13,13,0,350,,,350.0,350.0,350.0
SZ000623,query_profit_data,13,0,13,13,0,488,488.0,488.0,,,
SZ000623,query_growth_data,13,0,13,13,0,488,,,488.0,488.0,488.0
SZ000625,query_profit_data,13,0,13,13,0,488,488.0,488.0,,,
SZ000625,query_growth_data,13,0,13,13,0,488,,,488.0,488.0,488.0
SZ000627,query_profit_data,13,0,13,13,0,15,15.0,15.0,,,
SZ000627,query_growth_data,13,0,13,13,0,15,,,15.0,15.0,15.0
SZ000629,query_profit_data,13,0,13,13,0,350,350.0,350.0,,,
SZ000629,query_growth_data,13,0,13,13,0,350,,,350.0,350.0,350.0
SZ000630,query_profit_data,13,0,13,13,0,488,488.0,488.0,,,
SZ000630,query_growth_data,13,0,13,13,0,488,,,488.0,488.0,488.0
SZ000651,query_profit_data,13,0,13,13,0,488,488.0,488.0,,,
SZ000651,query_growth_data,13,0,13,13,0,488,,,488.0,488.0,488.0
SZ000671,query_profit_data,13,0,13,13,0,15,15.0,15.0,,,
SZ000671,query_growth_data,13,0,13,13,0,15,,,15.0,15.0,15.0
SZ000686,query_profit_data,13,0,13,13,0,488,488.0,488.0,,,
SZ000686,query_growth_data,13,0,13,13,0,488,,,488.0,488.0,488.0
SZ000709,query_profit_data,13,0,13,13,0,488,488.0,488.0,,,
SZ000709,query_growth_data,13,0,13,13,0,488,,,488.0,488.0,488.0
SZ000712,query_profit_data,13,0,13,13,0,380,380.0,380.0,,,
SZ000712,query_growth_data,13,0,13,13,0,380,,,380.0,380.0,380.0
SZ000718,query_profit_data,13,0,13,13,0,15,15.0,15.0,,,
SZ000718,query_growth_data,13,0,13,13,0,15,,,15.0,15.0,15.0
SZ000725,query_profit_data,13,0,13,13,0,488,488.0,488.0,,,
SZ000725,query_growth_data,13,0,13,13,0,488,,,488.0,488.0,488.0
SZ000728,query_profit_data,13,0,13,13,0,488,488.0,488.0,,,
SZ000728,query_growth_data,13,0,13,13,0,488,,,488.0,488.0,488.0
SZ000729,query_profit_data,13,0,13,13,0,473,473.0,473.0,,,
SZ000729,query_growth_data,13,0,13,13,0,473,,,473.0,473.0,473.0
SZ000738,query_profit_data,13,0,13,13,0,395,395.0,395.0,,,
SZ000738,query_growth_data,13,0,13,13,0,395,,,395.0,395.0,395.0
SZ000750,query_profit_data,13,0,13,13,0,488,488.0,488.0,,,
SZ000750,query_growth_data,13,0,13,13,0,488,,,488.0,488.0,488.0
SZ000768,query_profit_data,13,0,13,13,0,488,488.0,488.0,,,
SZ000768,query_growth_data,13,0,13,13,0,488,,,488.0,488.0,488.0
SZ000776,query_profit_data,13,0,13,13,0,488,488.0,488.0,,,
SZ000776,query_growth_data,13,0,13,13,0,488,,,488.0,488.0,488.0
SZ000778,query_profit_data,13,0,13,13,0,488,488.0,488.0,,,
SZ000778,query_growth_data,13,0,13,13,0,488,,,488.0,488.0,488.0
SZ000783,query_profit_data,13,0,13,13,0,488,488.0,488.0,,,
SZ000783,query_growth_data,13,0,13,13,0,488,,,488.0,488.0,488.0
SZ000792,query_profit_data,13,0,13,13,0,488,488.0,488.0,,,
SZ000792,query_growth_data,13,0,13,13,0,488,,,488.0,488.0,488.0
SZ000793,query_profit_data,13,0,13,13,0,488,488.0,488.0,,,
SZ000793,query_growth_data,13,0,13,13,0,488,,,488.0,488.0,488.0
SZ000800,query_profit_data,13,0,13,13,0,488,488.0,488.0,,,
SZ000800,query_growth_data,13,0,13,13,0,488,,,488.0,488.0,488.0
SZ000825,query_profit_data,13,0,13,13,0,473,473.0,473.0,,,
SZ000825,query_growth_data,13,0,13,13,0,473,,,473.0,473.0,473.0
SZ000826,query_profit_data,13,0,13,13,0,488,488.0,488.0,,,
SZ000826,query_growth_data,13,0,13,13,0,488,,,488.0,488.0,488.0
SZ000831,query_profit_data,13,0,13,13,0,350,350.0,350.0,,,
SZ000831,query_growth_data,13,0,13,13,0,350,,,350.0,350.0,350.0
SZ000839,query_profit_data,13,0,13,13,0,368,368.0,368.0,,,
SZ000839,query_growth_data,13,0,13,13,0,368,,,368.0,368.0,368.0
SZ000858,query_profit_data,13,0,13,13,0,488,488.0,488.0,,,
SZ000858,query_growth_data,13,0,13,13,0,488,,,488.0,488.0,488.0
SZ000869,query_profit_data,13,0,13,13,0,108,108.0,108.0,,,
SZ000869,query_growth_data,13,0,13,13,0,108,,,108.0,108.0,108.0
SZ000876,query_profit_data,13,0,13,13,0,488,488.0,488.0,,,
SZ000876,query_growth_data,13,0,13,13,0,488,,,488.0,488.0,488.0
SZ000878,query_profit_data,13,0,13,13,0,230,230.0,230.0,,,
SZ000878,query_growth_data,13,0,13,13,0,230,,,230.0,230.0,230.0
SZ000883,query_profit_data,13,0,13,13,0,473,473.0,473.0,,,
SZ000883,query_growth_data,13,0,13,13,0,473,,,473.0,473.0,473.0
SZ000895,query_profit_data,13,0,13,13,0,488,488.0,488.0,,,
SZ000895,query_growth_data,13,0,13,13,0,488,,,488.0,488.0,488.0
SZ000898,query_profit_data,13,0,13,13,0,473,473.0,473.0,,,
SZ000898,query_growth_data,13,0,13,13,0,473,,,473.0,473.0,473.0
SZ000917,query_profit_data,13,0,13,13,0,488,488.0,488.0,,,
SZ000917,query_growth_data,13,0,13,13,0,488,,,488.0,488.0,488.0
SZ000937,query_profit_data,13,0,13,13,0,350,350.0,350.0,,,
SZ000937,query_growth_data,13,0,13,13,0,350,,,350.0,350.0,350.0
SZ000938,query_profit_data,13,0,13,13,0,15,15.0,15.0,,,
SZ000938,query_growth_data,13,0,13,13,0,15,,,15.0,15.0,15.0
SZ000960,query_profit_data,13,0,13,13,0,230,230.0,230.0,,,
SZ000960,query_growth_data,13,0,13,13,0,230,,,230.0,230.0,230.0
SZ000963,query_profit_data,13,0,13,13,0,488,488.0,488.0,,,
SZ000963,query_growth_data,13,0,13,13,0,488,,,488.0,488.0,488.0
SZ000970,query_profit_data,13,0,13,13,0,230,230.0,230.0,,,
SZ000970,query_growth_data,13,0,13,13,0,230,,,230.0,230.0,230.0
SZ000977,query_profit_data,13,0,13,13,0,138,138.0,138.0,,,
SZ000977,query_growth_data,13,0,13,13,0,138,,,138.0,138.0,138.0
SZ000983,query_profit_data,13,0,13,13,0,365,365.0,365.0,,,
SZ000983,query_growth_data,13,0,13,13,0,365,,,365.0,365.0,365.0
SZ000999,query_profit_data,13,0,13,13,0,473,473.0,473.0,,,
SZ000999,query_growth_data,13,0,13,13,0,473,,,473.0,473.0,473.0
SZ001979,query_profit_data,13,9,4,4,0,244,187.0,187.0,,,
SZ001979,query_growth_data,13,9,4,4,0,244,,,187.0,107.0,107.0
SZ002001,query_profit_data,13,0,13,13,0,230,230.0,230.0,,,
SZ002001,query_growth_data,13,0,13,13,0,230,,,230.0,230.0,230.0
SZ002007,query_profit_data,13,0,13,13,0,488,488.0,488.0,,,
SZ002007,query_growth_data,13,0,13,13,0,488,,,488.0,488.0,488.0
SZ002008,query_profit_data,13,0,13,13,0,488,488.0,488.0,,,
SZ002008,query_growth_data,13,0,13,13,0,488,,,488.0,488.0,488.0
SZ002024,query_profit_data,13,0,13,13,0,488,488.0,488.0,,,
SZ002024,query_growth_data,13,0,13,13,0,488,,,488.0,488.0,488.0
SZ002027,query_profit_data,13,0,13,13,0,138,138.0,138.0,,,
SZ002027,query_growth_data,13,0,13,13,0,138,,,138.0,138.0,138.0
SZ002038,query_profit_data,13,0,13,13,0,350,350.0,350.0,,,
SZ002038,query_growth_data,13,0,13,13,0,350,,,350.0,350.0,350.0
SZ002049,query_profit_data,13,0,13,13,0,15,15.0,15.0,,,
SZ002049,query_growth_data,13,0,13,13,0,15,,,15.0,15.0,15.0
SZ002051,query_profit_data,13,0,13,13,0,230,230.0,230.0,,,
SZ002051,query_growth_data,13,0,13,13,0,230,,,230.0,230.0,230.0
SZ002065,query_profit_data,13,0,13,13,0,488,488.0,488.0,,,
SZ002065,query_growth_data,13,0,13,13,0,488,,,488.0,488.0,488.0
SZ002074,query_profit_data,13,0,13,13,0,15,15.0,15.0,,,
SZ002074,query_growth_data,13,0,13,13,0,15,,,15.0,15.0,15.0
SZ002081,query_profit_data,13,0,13,13,0,488,488.0,488.0,,,
SZ002081,query_growth_data,13,0,13,13,0,488,,,488.0,488.0,488.0
SZ002085,query_profit_data,13,0,13,13,0,15,15.0,15.0,,,
SZ002085,query_growth_data,13,0,13,13,0,15,,,15.0,15.0,15.0
SZ002129,query_profit_data,13,0,13,13,0,488,488.0,488.0,,,
SZ002129,query_growth_data,13,0,13,13,0,488,,,488.0,488.0,488.0
SZ002131,query_profit_data,13,0,13,13,0,15,15.0,15.0,,,
SZ002131,query_growth_data,13,0,13,13,0,15,,,15.0,15.0,15.0
SZ002142,query_profit_data,13,0,13,13,0,488,488.0,488.0,,,
SZ002142,query_growth_data,13,0,13,13,0,488,,,488.0,488.0,488.0
SZ002146,query_profit_data,13,0,13,13,0,488,488.0,488.0,,,
SZ002146,query_growth_data,13,0,13,13,0,488,,,488.0,488.0,488.0
SZ002152,query_profit_data,13,0,13,13,0,138,138.0,138.0,,,
SZ002152,query_growth_data,13,0,13,13,0,138,,,138.0,138.0,138.0
SZ002153,query_profit_data,13,0,13,13,0,488,488.0,488.0,,,
SZ002153,query_growth_data,13,0,13,13,0,488,,,488.0,488.0,488.0
SZ002174,query_profit_data,13,0,13,13,0,15,15.0,15.0,,,
SZ002174,query_growth_data,13,0,13,13,0,15,,,15.0,15.0,15.0
SZ002183,query_profit_data,13,0,13,13,0,138,138.0,138.0,,,
SZ002183,query_growth_data,13,0,13,13,0,138,,,138.0,138.0,138.0
SZ002195,query_profit_data,13,0,13,13,0,258,258.0,258.0,,,
SZ002195,query_growth_data,13,0,13,13,0,258,,,258.0,258.0,258.0
SZ002202,query_profit_data,13,0,13,13,0,488,488.0,488.0,,,
SZ002202,query_growth_data,13,0,13,13,0,488,,,488.0,488.0,488.0
SZ002230,query_profit_data,13,0,13,13,0,488,488.0,488.0,,,
SZ002230,query_growth_data,13,0,13,13,0,488,,,488.0,488.0,488.0
SZ002236,query_profit_data,13,0,13,13,0,488,488.0,488.0,,,
SZ002236,query_growth_data,13,0,13,13,0,488,,,488.0,488.0,488.0
SZ002241,query_profit_data,13,0,13,13,0,488,488.0,488.0,,,
SZ002241,query_growth_data,13,0,13,13,0,488,,,488.0,488.0,488.0
SZ002252,query_profit_data,13,0,13,13,0,488,488.0,488.0,,,
SZ002252,query_growth_data,13,0,13,13,0,488,,,488.0,488.0,488.0
SZ002292,query_profit_data,13,0,13,13,0,488,488.0,488.0,,,
SZ002292,query_growth_data,13,0,13,13,0,488,,,488.0,488.0,488.0
SZ002294,query_profit_data,13,0,13,13,0,473,473.0,473.0,,,
SZ002294,query_growth_data,13,0,13,13,0,473,,,473.0,473.0,473.0
SZ002299,query_profit_data,13,0,13,13,0,15,15.0,15.0,,,
SZ002299,query_growth_data,13,0,13,13,0,15,,,15.0,15.0,15.0
SZ002304,query_profit_data,13,0,13,13,0,488,488.0,488.0,,,
SZ002304,query_growth_data,13,0,13,13,0,488,,,488.0,488.0,488.0
SZ002310,query_profit_data,13,0,13,13,0,245,245.0,245.0,,,
SZ002310,query_growth_data,13,0,13,13,0,245,,,245.0,245.0,245.0
SZ002344,query_profit_data,13,0,13,13,0,230,230.0,230.0,,,
SZ002344,query_growth_data,13,0,13,13,0,230,,,230.0,230.0,230.0
SZ002353,query_profit_data,13,0,13,13,0,350,350.0,350.0,,,
SZ002353,query_growth_data,13,0,13,13,0,350,,,350.0,350.0,350.0
SZ002375,query_profit_data,13,0,13,13,0,350,350.0,350.0,,,
SZ002375,query_growth_data,13,0,13,13,0,350,,,350.0,350.0,350.0
SZ002385,query_profit_data,13,0,13,13,0,488,488.0,488.0,,,
SZ002385,query_growth_data,13,0,13,13,0,488,,,488.0,488.0,488.0
SZ002399,query_profit_data,13,0,13,13,0,473,473.0,473.0,,,
SZ002399,query_growth_data,13,0,13,13,0,473,,,473.0,473.0,473.0
SZ002400,query_profit_data,13,0,13,13,0,108,108.0,108.0,,,
SZ002400,query_growth_data,13,0,13,13,0,108,,,108.0,108.0,108.0
SZ002410,query_profit_data,13,0,13,13,0,350,350.0,350.0,,,
SZ002410,query_growth_data,13,0,13,13,0,350,,,350.0,350.0,350.0
SZ002415,query_profit_data,13,0,13,13,0,488,488.0,488.0,,,
SZ002415,query_growth_data,13,0,13,13,0,488,,,488.0,488.0,488.0
SZ002416,query_profit_data,13,0,13,13,0,108,108.0,108.0,,,
SZ002416,query_growth_data,13,0,13,13,0,108,,,108.0,108.0,108.0
SZ002422,query_profit_data,13,0,13,13,0,473,473.0,473.0,,,
SZ002422,query_growth_data,13,0,13,13,0,473,,,473.0,473.0,473.0
SZ002424,query_profit_data,13,0,13,13,0,138,138.0,138.0,,,
SZ002424,query_growth_data,13,0,13,13,0,138,,,138.0,138.0,138.0
SZ002426,query_profit_data,13,0,13,13,0,15,15.0,15.0,,,
SZ002426,query_growth_data,13,0,13,13,0,15,,,15.0,15.0,15.0
SZ002429,query_profit_data,13,0,13,13,0,108,108.0,108.0,,,
SZ002429,query_growth_data,13,0,13,13,0,108,,,108.0,108.0,108.0
SZ002450,query_profit_data,13,0,13,13,0,488,488.0,488.0,,,
SZ002450,query_growth_data,13,0,13,13,0,488,,,488.0,488.0,488.0
SZ002456,query_profit_data,13,0,13,13,0,488,488.0,488.0,,,
SZ002456,query_growth_data,13,0,13,13,0,488,,,488.0,488.0,488.0
SZ002465,query_profit_data,13,0,13,13,0,488,488.0,488.0,,,
SZ002465,query_growth_data,13,0,13,13,0,488,,,488.0,488.0,488.0
SZ002466,query_profit_data,13,0,13,13,0,15,15.0,15.0,,,
SZ002466,query_growth_data,13,0,13,13,0,15,,,15.0,15.0,15.0
SZ002470,query_profit_data,13,0,13,13,0,488,488.0,488.0,,,
SZ002470,query_growth_data,13,0,13,13,0,488,,,488.0,488.0,488.0
SZ002475,query_profit_data,13,0,13,13,0,488,488.0,488.0,,,
SZ002475,query_growth_data,13,0,13,13,0,488,,,488.0,488.0,488.0
SZ002500,query_profit_data,13,0,13,13,0,488,488.0,488.0,,,
SZ002500,query_growth_data,13,0,13,13,0,488,,,488.0,488.0,488.0
SZ002568,query_profit_data,13,0,13,13,0,138,138.0,138.0,,,
SZ002568,query_growth_data,13,0,13,13,0,138,,,138.0,138.0,138.0
SZ002570,query_profit_data,13,0,13,13,0,230,230.0,230.0,,,
SZ002570,query_growth_data,13,0,13,13,0,230,,,230.0,230.0,230.0
SZ002594,query_profit_data,13,0,13,13,0,488,488.0,488.0,,,
SZ002594,query_growth_data,13,0,13,13,0,488,,,488.0,488.0,488.0
SZ002603,query_profit_data,13,0,13,13,0,108,108.0,108.0,,,
SZ002603,query_growth_data,13,0,13,13,0,108,,,108.0,108.0,108.0
SZ002653,query_profit_data,13,0,13,13,0,230,230.0,230.0,,,
SZ002653,query_growth_data,13,0,13,13,0,230,,,230.0,230.0,230.0
SZ002673,query_profit_data,13,0,13,13,0,488,488.0,488.0,,,
SZ002673,query_growth_data,13,0,13,13,0,488,,,488.0,488.0,488.0
SZ002714,query_profit_data,13,1,12,12,0,15,15.0,15.0,,,
SZ002714,query_growth_data,13,1,12,12,0,15,,,15.0,15.0,15.0
SZ002736,query_profit_data,13,5,8,8,0,380,380.0,380.0,,,
SZ002736,query_growth_data,13,5,8,8,0,380,,,380.0,329.0,329.0
SZ002739,query_profit_data,13,5,8,8,0,258,258.0,258.0,,,
SZ002739,query_growth_data,13,5,8,8,0,258,,,258.0,258.0,258.0
SZ002797,query_profit_data,13,11,2,2,0,15,15.0,15.0,,,
SZ002797,query_growth_data,13,11,2,2,0,15,,,15.0,15.0,15.0
SZ300002,query_profit_data,13,0,13,13,0,380,380.0,380.0,,,
SZ300002,query_growth_data,13,0,13,13,0,380,,,380.0,380.0,380.0
SZ300003,query_profit_data,13,0,13,13,0,380,380.0,380.0,,,
SZ300003,query_growth_data,13,0,13,13,0,380,,,380.0,380.0,380.0
SZ300015,query_profit_data,13,0,13,13,0,488,488.0,488.0,,,
SZ300015,query_growth_data,13,0,13,13,0,488,,,488.0,488.0,488.0
SZ300017,query_profit_data,13,0,13,13,0,488,488.0,488.0,,,
SZ300017,query_growth_data,13,0,13,13,0,488,,,488.0,488.0,488.0
SZ300024,query_profit_data,13,0,13,13,0,488,488.0,488.0,,,
SZ300024,query_growth_data,13,0,13,13,0,488,,,488.0,488.0,488.0
SZ300027,query_profit_data,13,0,13,13,0,488,488.0,488.0,,,
SZ300027,query_growth_data,13,0,13,13,0,488,,,488.0,488.0,488.0
SZ300033,query_profit_data,13,0,13,13,0,15,15.0,15.0,,,
SZ300033,query_growth_data,13,0,13,13,0,15,,,15.0,15.0,15.0
SZ300058,query_profit_data,13,0,13,13,0,488,488.0,488.0,,,
SZ300058,query_growth_data,13,0,13,13,0,488,,,488.0,488.0,488.0
SZ300059,query_profit_data,13,0,13,13,0,380,380.0,380.0,,,
SZ300059,query_growth_data,13,0,13,13,0,380,,,380.0,380.0,380.0
SZ300070,query_profit_data,13,0,13,13,0,488,488.0,488.0,,,
SZ300070,query_growth_data,13,0,13,13,0,488,,,488.0,488.0,488.0
SZ300072,query_profit_data,13,0,13,13,0,15,15.0,15.0,,,
SZ300072,query_growth_data,13,0,13,13,0,15,,,15.0,15.0,15.0
SZ300085,query_profit_data,13,0,13,13,0,138,138.0,138.0,,,
SZ300085,query_growth_data,13,0,13,13,0,138,,,138.0,138.0,138.0
SZ300104,query_profit_data,13,0,13,13,0,380,380.0,380.0,,,
SZ300104,query_growth_data,13,0,13,13,0,380,,,380.0,380.0,380.0
SZ300124,query_profit_data,13,0,13,13,0,488,488.0,488.0,,,
SZ300124,query_growth_data,13,0,13,13,0,488,,,488.0,488.0,488.0
SZ300133,query_profit_data,13,0,13,13,0,488,488.0,488.0,,,
SZ300133,query_growth_data,13,0,13,13,0,488,,,488.0,488.0,488.0
SZ300144,query_profit_data,13,0,13,13,0,258,258.0,258.0,,,
SZ300144,query_growth_data,13,0,13,13,0,258,,,258.0,258.0,258.0
SZ300146,query_profit_data,13,0,13,13,0,488,488.0,488.0,,,
SZ300146,query_growth_data,13,0,13,13,0,488,,,488.0,488.0,488.0
SZ300168,query_profit_data,13,0,13,13,0,138,138.0,138.0,,,
SZ300168,query_growth_data,13,0,13,13,0,138,,,138.0,138.0,138.0
SZ300182,query_profit_data,13,0,13,13,0,15,15.0,15.0,,,
SZ300182,query_growth_data,13,0,13,13,0,15,,,15.0,15.0,15.0
SZ300251,query_profit_data,13,0,13,13,0,488,488.0,488.0,,,
SZ300251,query_growth_data,13,0,13,13,0,488,,,488.0,488.0,488.0
SZ300315,query_profit_data,13,0,13,13,0,258,258.0,258.0,,,
SZ300315,query_growth_data,13,0,13,13,0,258,,,258.0,258.0,258.0
