symbol,method,source,planned_quarters
SH600000,query_profit_data,baostock,54
SH600000,query_growth_data,baostock,54
SH600001,query_profit_data,baostock,12
SH600001,query_growth_data,baostock,12
SH600003,query_profit_data,baostock,4
SH600003,query_growth_data,baostock,4
SH600004,query_profit_data,baostock,54
SH600004,query_growth_data,baostock,54
SH600005,query_profit_data,baostock,40
SH600005,query_growth_data,baostock,40
SH600006,query_profit_data,baostock,18
SH600006,query_growth_data,baostock,18
SH600007,query_profit_data,baostock,10
SH600007,query_growth_data,baostock,10
SH600008,query_profit_data,baostock,47
SH600008,query_growth_data,baostock,47
SH600009,query_profit_data,baostock,54
SH600009,query_growth_data,baostock,54
SH600010,query_profit_data,baostock,54
SH600010,query_growth_data,baostock,54
SH600011,query_profit_data,baostock,54
SH600011,query_growth_data,baostock,54
SH600012,query_profit_data,baostock,8
SH600012,query_growth_data,baostock,8
SH600015,query_profit_data,baostock,54
SH600015,query_growth_data,baostock,54
SH600016,query_profit_data,baostock,54
SH600016,query_growth_data,baostock,54
SH600017,query_profit_data,baostock,18
SH600017,query_growth_data,baostock,18
SH600018,query_profit_data,baostock,54
SH600018,query_growth_data,baostock,54
SH600019,query_profit_data,baostock,54
SH600019,query_growth_data,baostock,54
SH600020,query_profit_data,baostock,10
SH600020,query_growth_data,baostock,10
SH600021,query_profit_data,baostock,45
SH600021,query_growth_data,baostock,45
SH600022,query_profit_data,baostock,39
SH600022,query_growth_data,baostock,39
SH600023,query_profit_data,baostock,30
SH600023,query_growth_data,baostock,30
SH600025,query_profit_data,baostock,15
SH600025,query_growth_data,baostock,15
SH600026,query_profit_data,baostock,21
SH600026,query_growth_data,baostock,21
SH600027,query_profit_data,baostock,54
SH600027,query_growth_data,baostock,54
SH600028,query_profit_data,baostock,54
SH600028,query_growth_data,baostock,54
SH600029,query_profit_data,baostock,54
SH600029,query_growth_data,baostock,54
SH600030,query_profit_data,baostock,54
SH600030,query_growth_data,baostock,54
SH600031,query_profit_data,baostock,54
SH600031,query_growth_data,baostock,54
SH600033,query_profit_data,baostock,18
SH600033,query_growth_data,baostock,18
SH600035,query_profit_data,baostock,6
SH600035,query_growth_data,baostock,6
SH600036,query_profit_data,baostock,54
SH600036,query_growth_data,baostock,54
SH600037,query_profit_data,baostock,43
SH600037,query_growth_data,baostock,43
SH600038,query_profit_data,baostock,29
SH600038,query_growth_data,baostock,29
SH600048,query_profit_data,baostock,54
SH600048,query_growth_data,baostock,54
SH600050,query_profit_data,baostock,54
SH600050,query_growth_data,baostock,54
SH600058,query_profit_data,baostock,33
SH600058,query_growth_data,baostock,33
SH600060,query_profit_data,baostock,43
SH600060,query_growth_data,baostock,43
SH600061,query_profit_data,baostock,23
SH600061,query_growth_data,baostock,23
SH600062,query_profit_data,baostock,31
SH600062,query_growth_data,baostock,31
SH600066,query_profit_data,baostock,54
SH600066,query_growth_data,baostock,54
SH600068,query_profit_data,baostock,54
SH600068,query_growth_data,baostock,54
SH600074,query_profit_data,baostock,14
SH600074,query_growth_data,baostock,14
SH600078,query_profit_data,baostock,4
SH600078,query_growth_data,baostock,4
SH600079,query_profit_data,baostock,12
SH600079,query_growth_data,baostock,12
SH600085,query_profit_data,baostock,54
SH600085,query_growth_data,baostock,54
SH600087,query_profit_data,baostock,18
SH600087,query_growth_data,baostock,18
SH600088,query_profit_data,baostock,6
SH600088,query_growth_data,baostock,6
SH600089,query_profit_data,baostock,54
SH600089,query_growth_data,baostock,54
SH600096,query_profit_data,baostock,31
SH600096,query_growth_data,baostock,31
SH600098,query_profit_data,baostock,39
SH600098,query_growth_data,baostock,39
SH600100,query_profit_data,baostock,53
SH600100,query_growth_data,baostock,53
SH600102,query_profit_data,baostock,16
SH600102,query_growth_data,baostock,16
SH600104,query_profit_data,baostock,54
SH600104,query_growth_data,baostock,54
SH600108,query_profit_data,baostock,35
SH600108,query_growth_data,baostock,35
SH600109,query_profit_data,baostock,54
SH600109,query_growth_data,baostock,54
SH600110,query_profit_data,baostock,12
SH600110,query_growth_data,baostock,12
SH600111,query_profit_data,baostock,54
SH600111,query_growth_data,baostock,54
SH600115,query_profit_data,baostock,54
SH600115,query_growth_data,baostock,54
SH600117,query_profit_data,baostock,12
SH600117,query_growth_data,baostock,12
SH600118,query_profit_data,baostock,54
SH600118,query_growth_data,baostock,54
SH600123,query_profit_data,baostock,31
SH600123,query_growth_data,baostock,31
SH600125,query_profit_data,baostock,27
SH600125,query_growth_data,baostock,27
SH600132,query_profit_data,baostock,27
SH600132,query_growth_data,baostock,27
SH600143,query_profit_data,baostock,33
SH600143,query_growth_data,baostock,33
SH600150,query_profit_data,baostock,43
SH600150,query_growth_data,baostock,43
SH600151,query_profit_data,baostock,21
SH600151,query_growth_data,baostock,21
SH600153,query_profit_data,baostock,53
SH600153,query_growth_data,baostock,53
SH600157,query_profit_data,baostock,31
SH600157,query_growth_data,baostock,31
SH600158,query_profit_data,baostock,14
SH600158,query_growth_data,baostock,14
SH600160,query_profit_data,baostock,29
SH600160,query_growth_data,baostock,29
SH600161,query_profit_data,baostock,21
SH600161,query_growth_data,baostock,21
SH600166,query_profit_data,baostock,31
SH600166,query_growth_data,baostock,31
SH600169,query_profit_data,baostock,27
SH600169,query_growth_data,baostock,27
SH600170,query_profit_data,baostock,54
SH600170,query_growth_data,baostock,54
SH600171,query_profit_data,baostock,4
SH600171,query_growth_data,baostock,4
SH600176,query_profit_data,baostock,50
SH600176,query_growth_data,baostock,50
SH600177,query_profit_data,baostock,54
SH600177,query_growth_data,baostock,54
SH600183,query_profit_data,baostock,54
SH600183,query_growth_data,baostock,54
SH600188,query_profit_data,baostock,54
SH600188,query_growth_data,baostock,54
SH600190,query_profit_data,baostock,6
SH600190,query_growth_data,baostock,6
SH600196,query_profit_data,baostock,54
SH600196,query_growth_data,baostock,54
SH600208,query_profit_data,baostock,54
SH600208,query_growth_data,baostock,54
SH600210,query_profit_data,baostock,18
SH600210,query_growth_data,baostock,18
SH600216,query_profit_data,baostock,27
SH600216,query_growth_data,baostock,27
SH600219,query_profit_data,baostock,54
SH600219,query_growth_data,baostock,54
SH600220,query_profit_data,baostock,20
SH600220,query_growth_data,baostock,20
SH600221,query_profit_data,baostock,54
SH600221,query_growth_data,baostock,54
SH600233,query_profit_data,baostock,19
SH600233,query_growth_data,baostock,19
SH600236,query_profit_data,baostock,16
SH600236,query_growth_data,baostock,16
SH600239,query_profit_data,baostock,14
SH600239,query_growth_data,baostock,14
SH600246,query_profit_data,baostock,10
SH600246,query_growth_data,baostock,10
SH600251,query_profit_data,baostock,14
SH600251,query_growth_data,baostock,14
SH600252,query_profit_data,baostock,27
SH600252,query_growth_data,baostock,27
SH600256,query_profit_data,baostock,43
SH600256,query_growth_data,baostock,43
SH600259,query_profit_data,baostock,17
SH600259,query_growth_data,baostock,17
SH600266,query_profit_data,baostock,29
SH600266,query_growth_data,baostock,29
SH600267,query_profit_data,baostock,22
SH600267,query_growth_data,baostock,22
SH600269,query_profit_data,baostock,20
SH600269,query_growth_data,baostock,20
SH600270,query_profit_data,baostock,14
SH600270,query_growth_data,baostock,14
SH600271,query_profit_data,baostock,54
SH600271,query_growth_data,baostock,54
SH600276,query_profit_data,baostock,50
SH600276,query_growth_data,baostock,50
SH600277,query_profit_data,baostock,12
SH600277,query_growth_data,baostock,12
SH600282,query_profit_data,baostock,16
SH600282,query_growth_data,baostock,16
SH600297,query_profit_data,baostock,21
SH600297,query_growth_data,baostock,21
SH600299,query_profit_data,baostock,54
SH600299,query_growth_data,baostock,54
SH600300,query_profit_data,baostock,12
SH600300,query_growth_data,baostock,12
SH600307,query_profit_data,baostock,24
SH600307,query_growth_data,baostock,24
SH600308,query_profit_data,baostock,12
SH600308,query_growth_data,baostock,12
SH600309,query_profit_data,baostock,54
SH600309,query_growth_data,baostock,54
SH600312,query_profit_data,baostock,20
SH600312,query_growth_data,baostock,20
SH600315,query_profit_data,baostock,22
SH600315,query_growth_data,baostock,22
SH600316,query_profit_data,baostock,35
SH600316,query_growth_data,baostock,35
SH600317,query_profit_data,baostock,12
SH600317,query_growth_data,baostock,12
SH600320,query_profit_data,baostock,24
SH600320,query_growth_data,baostock,24
SH600325,query_profit_data,baostock,18
SH600325,query_growth_data,baostock,18
SH600331,query_profit_data,baostock,25
SH600331,query_growth_data,baostock,25
SH600332,query_profit_data,baostock,35
SH600332,query_growth_data,baostock,35
SH600339,query_profit_data,baostock,12
SH600339,query_growth_data,baostock,12
SH600340,query_profit_data,baostock,36
SH600340,query_growth_data,baostock,36
SH600346,query_profit_data,baostock,15
SH600346,query_growth_data,baostock,15
SH600348,query_profit_data,baostock,35
SH600348,query_growth_data,baostock,35
SH600350,query_profit_data,baostock,37
SH600350,query_growth_data,baostock,37
SH600352,query_profit_data,baostock,50
SH600352,query_growth_data,baostock,50
SH600357,query_profit_data,baostock,12
SH600357,query_growth_data,baostock,12
SH600361,query_profit_data,baostock,4
SH600361,query_growth_data,baostock,4
SH600362,query_profit_data,baostock,54
SH600362,query_growth_data,baostock,54
SH600369,query_profit_data,baostock,48
SH600369,query_growth_data,baostock,48
SH600372,query_profit_data,baostock,40
SH600372,query_growth_data,baostock,40
SH600373,query_profit_data,baostock,22
SH600373,query_growth_data,baostock,22
SH600376,query_profit_data,baostock,47
SH600376,query_growth_data,baostock,47
SH600377,query_profit_data,baostock,8
SH600377,query_growth_data,baostock,8
SH600380,query_profit_data,baostock,21
SH600380,query_growth_data,baostock,21
SH600383,query_profit_data,baostock,54
SH600383,query_growth_data,baostock,54
SH600390,query_profit_data,baostock,17
SH600390,query_growth_data,baostock,17
SH600395,query_profit_data,baostock,29
SH600395,query_growth_data,baostock,29
SH600398,query_profit_data,baostock,29
SH600398,query_growth_data,baostock,29
SH600403,query_profit_data,baostock,12
SH600403,query_growth_data,baostock,12
SH600406,query_profit_data,baostock,44
SH600406,query_growth_data,baostock,44
SH600410,query_profit_data,baostock,4
SH600410,query_growth_data,baostock,4
SH600415,query_profit_data,baostock,51
SH600415,query_growth_data,baostock,51
SH600418,query_profit_data,baostock,24
SH600418,query_growth_data,baostock,24
SH600426,query_profit_data,baostock,14
SH600426,query_growth_data,baostock,14
SH600428,query_profit_data,baostock,21
SH600428,query_growth_data,baostock,21
SH600432,query_profit_data,baostock,27
SH600432,query_growth_data,baostock,27
SH600436,query_profit_data,baostock,35
SH600436,query_growth_data,baostock,35
SH600438,query_profit_data,baostock,15
SH600438,query_growth_data,baostock,15
SH600446,query_profit_data,baostock,12
SH600446,query_growth_data,baostock,12
SH600456,query_profit_data,baostock,25
SH600456,query_growth_data,baostock,25
SH600460,query_profit_data,baostock,4
SH600460,query_growth_data,baostock,4
SH600481,query_profit_data,baostock,11
SH600481,query_growth_data,baostock,11
SH600482,query_profit_data,baostock,21
SH600482,query_growth_data,baostock,21
SH600485,query_profit_data,baostock,20
SH600485,query_growth_data,baostock,20
SH600487,query_profit_data,baostock,15
SH600487,query_growth_data,baostock,15
SH600489,query_profit_data,baostock,54
SH600489,query_growth_data,baostock,54
SH600497,query_profit_data,baostock,35
SH600497,query_growth_data,baostock,35
SH600498,query_profit_data,baostock,54
SH600498,query_growth_data,baostock,54
SH600500,query_profit_data,baostock,24
SH600500,query_growth_data,baostock,24
SH600501,query_profit_data,baostock,6
SH600501,query_growth_data,baostock,6
SH600508,query_profit_data,baostock,27
SH600508,query_growth_data,baostock,27
SH600516,query_profit_data,baostock,50
SH600516,query_growth_data,baostock,50
SH600517,query_profit_data,baostock,14
SH600517,query_growth_data,baostock,14
SH600518,query_profit_data,baostock,45
SH600518,query_growth_data,baostock,45
SH600519,query_profit_data,baostock,54
SH600519,query_growth_data,baostock,54
SH600521,query_profit_data,baostock,4
SH600521,query_growth_data,baostock,4
SH600522,query_profit_data,baostock,19
SH600522,query_growth_data,baostock,19
SH600528,query_profit_data,baostock,29
SH600528,query_growth_data,baostock,29
SH600535,query_profit_data,baostock,53
SH600535,query_growth_data,baostock,53
SH600546,query_profit_data,baostock,21
SH600546,query_growth_data,baostock,21
SH600547,query_profit_data,baostock,54
SH600547,query_growth_data,baostock,54
SH600548,query_profit_data,baostock,12
SH600548,query_growth_data,baostock,12
SH600549,query_profit_data,baostock,49
SH600549,query_growth_data,baostock,49
SH600550,query_profit_data,baostock,27
SH600550,query_growth_data,baostock,27
SH600566,query_profit_data,baostock,12
SH600566,query_growth_data,baostock,12
SH600569,query_profit_data,baostock,16
SH600569,query_growth_data,baostock,16
SH600570,query_profit_data,baostock,29
SH600570,query_growth_data,baostock,29
SH600578,query_profit_data,baostock,14
SH600578,query_growth_data,baostock,14
SH600582,query_profit_data,baostock,37
SH600582,query_growth_data,baostock,37
SH600583,query_profit_data,baostock,54
SH600583,query_growth_data,baostock,54
SH600585,query_profit_data,baostock,54
SH600585,query_growth_data,baostock,54
SH600588,query_profit_data,baostock,54
SH600588,query_growth_data,baostock,54
SH600591,query_profit_data,baostock,10
SH600591,query_growth_data,baostock,10
SH600595,query_profit_data,baostock,24
SH600595,query_growth_data,baostock,24
SH600596,query_profit_data,baostock,18
SH600596,query_growth_data,baostock,18
SH600597,query_profit_data,baostock,35
SH600597,query_growth_data,baostock,35
SH600598,query_profit_data,baostock,29
SH600598,query_growth_data,baostock,29
SH600600,query_profit_data,baostock,39
SH600600,query_growth_data,baostock,39
SH600601,query_profit_data,baostock,18
SH600601,query_growth_data,baostock,18
SH600606,query_profit_data,baostock,23
SH600606,query_growth_data,baostock,23
SH600611,query_profit_data,baostock,18
SH600611,query_growth_data,baostock,18
SH600616,query_profit_data,baostock,12
SH600616,query_growth_data,baostock,12
SH600628,query_profit_data,baostock,8
SH600628,query_growth_data,baostock,8
SH600631,query_profit_data,baostock,18
SH600631,query_growth_data,baostock,18
SH600633,query_profit_data,baostock,14
SH600633,query_growth_data,baostock,14
SH600635,query_profit_data,baostock,21
SH600635,query_growth_data,baostock,21
SH600637,query_profit_data,baostock,36
SH600637,query_growth_data,baostock,36
SH600638,query_profit_data,baostock,14
SH600638,query_growth_data,baostock,14
SH600639,query_profit_data,baostock,14
SH600639,query_growth_data,baostock,14
SH600642,query_profit_data,baostock,39
SH600642,query_growth_data,baostock,39
SH600643,query_profit_data,baostock,16
SH600643,query_growth_data,baostock,16
SH600648,query_profit_data,baostock,35
SH600648,query_growth_data,baostock,35
SH600649,query_profit_data,baostock,45
SH600649,query_growth_data,baostock,45
SH600653,query_profit_data,baostock,12
SH600653,query_growth_data,baostock,12
SH600654,query_profit_data,baostock,8
SH600654,query_growth_data,baostock,8
SH600655,query_profit_data,baostock,54
SH600655,query_growth_data,baostock,54
SH600657,query_profit_data,baostock,12
SH600657,query_growth_data,baostock,12
SH600660,query_profit_data,baostock,54
SH600660,query_growth_data,baostock,54
SH600662,query_profit_data,baostock,6
SH600662,query_growth_data,baostock,6
SH600663,query_profit_data,baostock,53
SH600663,query_growth_data,baostock,53
SH600664,query_profit_data,baostock,31
SH600664,query_growth_data,baostock,31
SH600666,query_profit_data,baostock,10
SH600666,query_growth_data,baostock,10
SH600674,query_profit_data,baostock,52
SH600674,query_growth_data,baostock,52
SH600675,query_profit_data,baostock,20
SH600675,query_growth_data,baostock,20
SH600682,query_profit_data,baostock,12
SH600682,query_growth_data,baostock,12
SH600685,query_profit_data,baostock,45
SH600685,query_growth_data,baostock,45
SH600688,query_profit_data,baostock,51
SH600688,query_growth_data,baostock,51
SH600690,query_profit_data,baostock,54
SH600690,query_growth_data,baostock,54
SH600694,query_profit_data,baostock,29
SH600694,query_growth_data,baostock,29
SH600703,query_profit_data,baostock,44
SH600703,query_growth_data,baostock,44
SH600704,query_profit_data,baostock,20
SH600704,query_growth_data,baostock,20
SH600705,query_profit_data,baostock,33
SH600705,query_growth_data,baostock,33
SH600717,query_profit_data,baostock,37
SH600717,query_growth_data,baostock,37
SH600718,query_profit_data,baostock,43
SH600718,query_growth_data,baostock,43
SH600733,query_profit_data,baostock,10
SH600733,query_growth_data,baostock,10
SH600737,query_profit_data,baostock,41
SH600737,query_growth_data,baostock,41
SH600739,query_profit_data,baostock,49
SH600739,query_growth_data,baostock,49
SH600741,query_profit_data,baostock,54
SH600741,query_growth_data,baostock,54
SH600745,query_profit_data,baostock,7
SH600745,query_growth_data,baostock,7
SH600747,query_profit_data,baostock,10
SH600747,query_growth_data,baostock,10
SH600748,query_profit_data,baostock,18
SH600748,query_growth_data,baostock,18
SH600754,query_profit_data,baostock,41
SH600754,query_growth_data,baostock,41
SH600760,query_profit_data,baostock,13
SH600760,query_growth_data,baostock,13
SH600761,query_profit_data,baostock,10
SH600761,query_growth_data,baostock,10
SH600770,query_profit_data,baostock,25
SH600770,query_growth_data,baostock,25
SH600779,query_profit_data,baostock,27
SH600779,query_growth_data,baostock,27
SH600780,query_profit_data,baostock,10
SH600780,query_growth_data,baostock,10
SH600782,query_profit_data,baostock,10
SH600782,query_growth_data,baostock,10
SH600783,query_profit_data,baostock,27
SH600783,query_growth_data,baostock,27
SH600786,query_profit_data,baostock,4
SH600786,query_growth_data,baostock,4
SH600787,query_profit_data,baostock,8
SH600787,query_growth_data,baostock,8
SH600795,query_profit_data,baostock,54
SH600795,query_growth_data,baostock,54
SH600797,query_profit_data,baostock,8
SH600797,query_growth_data,baostock,8
SH600804,query_profit_data,baostock,47
SH600804,query_growth_data,baostock,47
SH600808,query_profit_data,baostock,21
SH600808,query_growth_data,baostock,21
SH600809,query_profit_data,baostock,54
SH600809,query_growth_data,baostock,54
SH600811,query_profit_data,baostock,29
SH600811,query_growth_data,baostock,29
SH600812,query_profit_data,baostock,24
SH600812,query_growth_data,baostock,24
SH600816,query_profit_data,baostock,49
SH600816,query_growth_data,baostock,49
SH600820,query_profit_data,baostock,47
SH600820,query_growth_data,baostock,47
SH600823,query_profit_data,baostock,10
SH600823,query_growth_data,baostock,10
SH600827,query_profit_data,baostock,33
SH600827,query_growth_data,baostock,33
SH600832,query_profit_data,baostock,33
SH600832,query_growth_data,baostock,33
SH600835,query_profit_data,baostock,16
SH600835,query_growth_data,baostock,16
SH600837,query_profit_data,baostock,54
SH600837,query_growth_data,baostock,54
SH600839,query_profit_data,baostock,41
SH600839,query_growth_data,baostock,41
SH600848,query_profit_data,baostock,9
SH600848,query_growth_data,baostock,9
SH600851,query_profit_data,baostock,8
SH600851,query_growth_data,baostock,8
SH600859,query_profit_data,baostock,29
SH600859,query_growth_data,baostock,29
SH600863,query_profit_data,baostock,39
SH600863,query_growth_data,baostock,39
SH600867,query_profit_data,baostock,31
SH600867,query_growth_data,baostock,31
SH600868,query_profit_data,baostock,6
SH600868,query_growth_data,baostock,6
SH600871,query_profit_data,baostock,14
SH600871,query_growth_data,baostock,14
SH600873,query_profit_data,baostock,27
SH600873,query_growth_data,baostock,27
SH600874,query_profit_data,baostock,14
SH600874,query_growth_data,baostock,14
SH600875,query_profit_data,baostock,41
SH600875,query_growth_data,baostock,41
SH600879,query_profit_data,baostock,21
SH600879,query_growth_data,baostock,21
SH600880,query_profit_data,baostock,10
SH600880,query_growth_data,baostock,10
SH600881,query_profit_data,baostock,27
SH600881,query_growth_data,baostock,27
SH600886,query_profit_data,baostock,54
SH600886,query_growth_data,baostock,54
SH600887,query_profit_data,baostock,54
SH600887,query_growth_data,baostock,54
SH600893,query_profit_data,baostock,44
SH600893,query_growth_data,baostock,44
SH600895,query_profit_data,baostock,45
SH600895,query_growth_data,baostock,45
SH600900,query_profit_data,baostock,54
SH600900,query_growth_data,baostock,54
SH600909,query_profit_data,baostock,14
SH600909,query_growth_data,baostock,14
SH600919,query_profit_data,baostock,19
SH600919,query_growth_data,baostock,19
SH600926,query_profit_data,baostock,19
SH600926,query_growth_data,baostock,19
SH600928,query_profit_data,baostock,9
SH600928,query_growth_data,baostock,9
SH600958,query_profit_data,baostock,27
SH600958,query_growth_data,baostock,27
SH600959,query_profit_data,baostock,18
SH600959,query_growth_data,baostock,18
SH600961,query_profit_data,baostock,10
SH600961,query_growth_data,baostock,10
SH600968,query_profit_data,baostock,9
SH600968,query_growth_data,baostock,9
SH600970,query_profit_data,baostock,25
SH600970,query_growth_data,baostock,25
SH600971,query_profit_data,baostock,18
SH600971,query_growth_data,baostock,18
SH600977,query_profit_data,baostock,19
SH600977,query_growth_data,baostock,19
SH600978,query_profit_data,baostock,10
SH600978,query_growth_data,baostock,10
SH600989,query_profit_data,baostock,9
SH600989,query_growth_data,baostock,9
SH600997,query_profit_data,baostock,29
SH600997,query_growth_data,baostock,29
SH600998,query_profit_data,baostock,43
SH600998,query_growth_data,baostock,43
SH600999,query_profit_data,baostock,46
SH600999,query_growth_data,baostock,46
SH601001,query_profit_data,baostock,29
SH601001,query_growth_data,baostock,29
SH601002,query_profit_data,baostock,6
SH601002,query_growth_data,baostock,6
SH601003,query_profit_data,baostock,16
SH601003,query_growth_data,baostock,16
SH601005,query_profit_data,baostock,12
SH601005,query_growth_data,baostock,12
SH601006,query_profit_data,baostock,54
SH601006,query_growth_data,baostock,54
SH601009,query_profit_data,baostock,54
SH601009,query_growth_data,baostock,54
SH601012,query_profit_data,baostock,17
SH601012,query_growth_data,baostock,17
SH601016,query_profit_data,baostock,10
SH601016,query_growth_data,baostock,10
SH601018,query_profit_data,baostock,43
SH601018,query_growth_data,baostock,43
SH601021,query_profit_data,baostock,27
SH601021,query_growth_data,baostock,27
SH601066,query_profit_data,baostock,13
SH601066,query_growth_data,baostock,13
SH601077,query_profit_data,baostock,7
SH601077,query_growth_data,baostock,7
SH601088,query_profit_data,baostock,54
SH601088,query_growth_data,baostock,54
SH601098,query_profit_data,baostock,28
SH601098,query_growth_data,baostock,28
SH601099,query_profit_data,baostock,41
SH601099,query_growth_data,baostock,41
SH601100,query_profit_data,baostock,7
SH601100,query_growth_data,baostock,7
SH601101,query_profit_data,baostock,19
SH601101,query_growth_data,baostock,19
SH601106,query_profit_data,baostock,29
SH601106,query_growth_data,baostock,29
SH601107,query_profit_data,baostock,14
SH601107,query_growth_data,baostock,14
SH601108,query_profit_data,baostock,15
SH601108,query_growth_data,baostock,15
SH601111,query_profit_data,baostock,54
SH601111,query_growth_data,baostock,54
SH601117,query_profit_data,baostock,46
SH601117,query_growth_data,baostock,46
SH601118,query_profit_data,baostock,34
SH601118,query_growth_data,baostock,34
SH601127,query_profit_data,baostock,10
SH601127,query_growth_data,baostock,10
SH601138,query_profit_data,baostock,13
SH601138,query_growth_data,baostock,13
SH601139,query_profit_data,baostock,23
SH601139,query_growth_data,baostock,23
SH601155,query_profit_data,baostock,21
SH601155,query_growth_data,baostock,21
SH601158,query_profit_data,baostock,27
SH601158,query_growth_data,baostock,27
SH601162,query_profit_data,baostock,11
SH601162,query_growth_data,baostock,11
SH601163,query_profit_data,baostock,10
SH601163,query_growth_data,baostock,10
SH601166,query_profit_data,baostock,54
SH601166,query_growth_data,baostock,54
SH601168,query_profit_data,baostock,35
SH601168,query_growth_data,baostock,35
SH601169,query_profit_data,baostock,54
SH601169,query_growth_data,baostock,54
SH601179,query_profit_data,baostock,31
SH601179,query_growth_data,baostock,31
SH601186,query_profit_data,baostock,52
SH601186,query_growth_data,baostock,52
SH601198,query_profit_data,baostock,25
SH601198,query_growth_data,baostock,25
SH601211,query_profit_data,baostock,25
SH601211,query_growth_data,baostock,25
SH601212,query_profit_data,baostock,17
SH601212,query_growth_data,baostock,17
SH601216,query_profit_data,baostock,40
SH601216,query_growth_data,baostock,40
SH601225,query_profit_data,baostock,31
SH601225,query_growth_data,baostock,31
SH601228,query_profit_data,baostock,14
SH601228,query_growth_data,baostock,14
SH601229,query_profit_data,baostock,19
SH601229,query_growth_data,baostock,19
SH601231,query_profit_data,baostock,33
SH601231,query_growth_data,baostock,33
SH601233,query_profit_data,baostock,11
SH601233,query_growth_data,baostock,11
SH601236,query_profit_data,baostock,9
SH601236,query_growth_data,baostock,9
SH601238,query_profit_data,baostock,36
SH601238,query_growth_data,baostock,36
SH601258,query_profit_data,baostock,27
SH601258,query_growth_data,baostock,27
SH601268,query_profit_data,baostock,14
SH601268,query_growth_data,baostock,14
SH601288,query_profit_data,baostock,46
SH601288,query_growth_data,baostock,46
SH601298,query_profit_data,baostock,11
SH601298,query_growth_data,baostock,11
SH601299,query_profit_data,baostock,25
SH601299,query_growth_data,baostock,25
SH601318,query_profit_data,baostock,54
SH601318,query_growth_data,baostock,54
SH601319,query_profit_data,baostock,11
SH601319,query_growth_data,baostock,11
SH601328,query_profit_data,baostock,54
SH601328,query_growth_data,baostock,54
SH601333,query_profit_data,baostock,49
SH601333,query_growth_data,baostock,49
SH601336,query_profit_data,baostock,39
SH601336,query_growth_data,baostock,39
SH601360,query_profit_data,baostock,15
SH601360,query_growth_data,baostock,15
SH601369,query_profit_data,baostock,19
SH601369,query_growth_data,baostock,19
SH601375,query_profit_data,baostock,10
SH601375,query_growth_data,baostock,10
SH601377,query_profit_data,baostock,43
SH601377,query_growth_data,baostock,43
SH601390,query_profit_data,baostock,54
SH601390,query_growth_data,baostock,54
SH601398,query_profit_data,baostock,54
SH601398,query_growth_data,baostock,54
SH601519,query_profit_data,baostock,10
SH601519,query_growth_data,baostock,10
SH601555,query_profit_data,baostock,39
SH601555,query_growth_data,baostock,39
SH601558,query_profit_data,baostock,14
SH601558,query_growth_data,baostock,14
SH601566,query_profit_data,baostock,9
SH601566,query_growth_data,baostock,9
SH601577,query_profit_data,baostock,11
SH601577,query_growth_data,baostock,11
SH601588,query_profit_data,baostock,16
SH601588,query_growth_data,baostock,16
SH601600,query_profit_data,baostock,54
SH601600,query_growth_data,baostock,54
SH601601,query_profit_data,baostock,54
SH601601,query_growth_data,baostock,54
SH601607,query_profit_data,baostock,54
SH601607,query_growth_data,baostock,54
SH601608,query_profit_data,baostock,16
SH601608,query_growth_data,baostock,16
SH601611,query_profit_data,baostock,16
SH601611,query_growth_data,baostock,16
SH601618,query_profit_data,baostock,48
SH601618,query_growth_data,baostock,48
SH601628,query_profit_data,baostock,54
SH601628,query_growth_data,baostock,54
SH601633,query_profit_data,baostock,39
SH601633,query_growth_data,baostock,39
SH601658,query_profit_data,baostock,7
SH601658,query_growth_data,baostock,7
SH601666,query_profit_data,baostock,31
SH601666,query_growth_data,baostock,31
SH601668,query_profit_data,baostock,48
SH601668,query_growth_data,baostock,48
SH601669,query_profit_data,baostock,39
SH601669,query_growth_data,baostock,39
SH601688,query_profit_data,baostock,46
SH601688,query_growth_data,baostock,46
SH601698,query_profit_data,baostock,9
SH601698,query_growth_data,baostock,9
SH601699,query_profit_data,baostock,37
SH601699,query_growth_data,baostock,37
SH601717,query_profit_data,baostock,18
SH601717,query_growth_data,baostock,18
SH601718,query_profit_data,baostock,36
SH601718,query_growth_data,baostock,36
SH601727,query_profit_data,baostock,50
SH601727,query_growth_data,baostock,50
SH601766,query_profit_data,baostock,50
SH601766,query_growth_data,baostock,50
SH601788,query_profit_data,baostock,46
SH601788,query_growth_data,baostock,46
SH601800,query_profit_data,baostock,36
SH601800,query_growth_data,baostock,36
SH601801,query_profit_data,baostock,8
SH601801,query_growth_data,baostock,8
SH601808,query_profit_data,baostock,54
SH601808,query_growth_data,baostock,54
SH601816,query_profit_data,baostock,7
SH601816,query_growth_data,baostock,7
SH601818,query_profit_data,baostock,44
SH601818,query_growth_data,baostock,44
SH601828,query_profit_data,baostock,15
SH601828,query_growth_data,baostock,15
SH601838,query_profit_data,baostock,15
SH601838,query_growth_data,baostock,15
SH601857,query_profit_data,baostock,54
SH601857,query_growth_data,baostock,54
SH601866,query_profit_data,baostock,47
SH601866,query_growth_data,baostock,47
SH601872,query_profit_data,baostock,45
SH601872,query_growth_data,baostock,45
SH601877,query_profit_data,baostock,46
SH601877,query_growth_data,baostock,46
SH601878,query_profit_data,baostock,17
SH601878,query_growth_data,baostock,17
SH601881,query_profit_data,baostock,19
SH601881,query_growth_data,baostock,19
SH601888,query_profit_data,baostock,46
SH601888,query_growth_data,baostock,46
SH601898,query_profit_data,baostock,54
SH601898,query_growth_data,baostock,54
SH601899,query_profit_data,baostock,52
SH601899,query_growth_data,baostock,52
SH601901,query_profit_data,baostock,39
SH601901,query_growth_data,baostock,39
SH601916,query_profit_data,baostock,7
SH601916,query_growth_data,baostock,7
SH601918,query_profit_data,baostock,31
SH601918,query_growth_data,baostock,31
SH601919,query_profit_data,baostock,54
SH601919,query_growth_data,baostock,54
SH601928,query_profit_data,baostock,26
SH601928,query_growth_data,baostock,26
SH601929,query_profit_data,baostock,12
SH601929,query_growth_data,baostock,12
SH601933,query_profit_data,baostock,43
SH601933,query_growth_data,baostock,43
SH601939,query_profit_data,baostock,54
SH601939,query_growth_data,baostock,54
SH601958,query_profit_data,baostock,45
SH601958,query_growth_data,baostock,45
SH601966,query_profit_data,baostock,10
SH601966,query_growth_data,baostock,10
SH601969,query_profit_data,baostock,10
SH601969,query_growth_data,baostock,10
SH601985,query_profit_data,baostock,25
SH601985,query_growth_data,baostock,25
SH601988,query_profit_data,baostock,54
SH601988,query_growth_data,baostock,54
SH601989,query_profit_data,baostock,46
SH601989,query_growth_data,baostock,46
SH601991,query_profit_data,baostock,49
SH601991,query_growth_data,baostock,49
SH601992,query_profit_data,baostock,40
SH601992,query_growth_data,baostock,40
SH601997,query_profit_data,baostock,19
SH601997,query_growth_data,baostock,19
SH601998,query_profit_data,baostock,54
SH601998,query_growth_data,baostock,54
SH603000,query_profit_data,baostock,20
SH603000,query_growth_data,baostock,20
SH603019,query_profit_data,baostock,11
SH603019,query_growth_data,baostock,11
SH603156,query_profit_data,baostock,13
SH603156,query_growth_data,baostock,13
SH603160,query_profit_data,baostock,19
SH603160,query_growth_data,baostock,19
SH603259,query_profit_data,baostock,13
SH603259,query_growth_data,baostock,13
SH603260,query_profit_data,baostock,15
SH603260,query_growth_data,baostock,15
SH603288,query_profit_data,baostock,29
SH603288,query_growth_data,baostock,29
SH603369,query_profit_data,baostock,7
SH603369,query_growth_data,baostock,7
SH603501,query_profit_data,baostock,9
SH603501,query_growth_data,baostock,9
SH603658,query_profit_data,baostock,7
SH603658,query_growth_data,baostock,7
SH603699,query_profit_data,baostock,10
SH603699,query_growth_data,baostock,10
SH603799,query_profit_data,baostock,17
SH603799,query_growth_data,baostock,17
SH603833,query_profit_data,baostock,17
SH603833,query_growth_data,baostock,17
SH603858,query_profit_data,baostock,16
SH603858,query_growth_data,baostock,16
SH603885,query_profit_data,baostock,12
SH603885,query_growth_data,baostock,12
SH603899,query_profit_data,baostock,9
SH603899,query_growth_data,baostock,9
SH603986,query_profit_data,baostock,13
SH603986,query_growth_data,baostock,13
SH603993,query_profit_data,baostock,35
SH603993,query_growth_data,baostock,35
SZ000001,query_profit_data,baostock,54
SZ000001,query_growth_data,baostock,54
SZ000002,query_profit_data,baostock,54
SZ000002,query_growth_data,baostock,54
SZ000008,query_profit_data,baostock,12
SZ000008,query_growth_data,baostock,12
SZ000009,query_profit_data,baostock,43
SZ000009,query_growth_data,baostock,43
SZ000012,query_profit_data,baostock,31
SZ000012,query_growth_data,baostock,31
SZ000021,query_profit_data,baostock,24
SZ000021,query_growth_data,baostock,24
SZ000024,query_profit_data,baostock,36
SZ000024,query_growth_data,baostock,36
SZ000027,query_profit_data,baostock,41
SZ000027,query_growth_data,baostock,41
SZ000029,query_profit_data,baostock,6
SZ000029,query_growth_data,baostock,6
SZ000031,query_profit_data,baostock,20
SZ000031,query_growth_data,baostock,20
SZ000036,query_profit_data,baostock,8
SZ000036,query_growth_data,baostock,8
SZ000039,query_profit_data,baostock,41
SZ000039,query_growth_data,baostock,41
SZ000046,query_profit_data,baostock,39
SZ000046,query_growth_data,baostock,39
SZ000059,query_profit_data,baostock,27
SZ000059,query_growth_data,baostock,27
SZ000060,query_profit_data,baostock,47
SZ000060,query_growth_data,baostock,47
SZ000061,query_profit_data,baostock,41
SZ000061,query_growth_data,baostock,41
SZ000063,query_profit_data,baostock,54
SZ000063,query_growth_data,baostock,54
SZ000066,query_profit_data,baostock,54
SZ000066,query_growth_data,baostock,54
SZ000068,query_profit_data,baostock,4
SZ000068,query_growth_data,baostock,4
SZ000069,query_profit_data,baostock,54
SZ000069,query_growth_data,baostock,54
SZ000088,query_profit_data,baostock,10
SZ000088,query_growth_data,baostock,10
SZ000089,query_profit_data,baostock,16
SZ000089,query_growth_data,baostock,16
SZ000100,query_profit_data,baostock,52
SZ000100,query_growth_data,baostock,52
SZ000156,query_profit_data,baostock,24
SZ000156,query_growth_data,baostock,24
SZ000157,query_profit_data,baostock,54
SZ000157,query_growth_data,baostock,54
SZ000166,query_profit_data,baostock,28
SZ000166,query_growth_data,baostock,28
SZ000301,query_profit_data,baostock,14
SZ000301,query_growth_data,baostock,14
SZ000333,query_profit_data,baostock,34
SZ000333,query_growth_data,baostock,34
SZ000338,query_profit_data,baostock,54
SZ000338,query_growth_data,baostock,54
SZ000400,query_profit_data,baostock,37
SZ000400,query_growth_data,baostock,37
SZ000401,query_profit_data,baostock,33
SZ000401,query_growth_data,baostock,33
SZ000402,query_profit_data,baostock,51
SZ000402,query_growth_data,baostock,51
SZ000408,query_profit_data,baostock,10
SZ000408,query_growth_data,baostock,10
SZ000410,query_profit_data,baostock,8
SZ000410,query_growth_data,baostock,8
SZ000413,query_profit_data,baostock,30
SZ000413,query_growth_data,baostock,30
SZ000415,query_profit_data,baostock,24
SZ000415,query_growth_data,baostock,24
SZ000422,query_profit_data,baostock,27
SZ000422,query_growth_data,baostock,27
SZ000423,query_profit_data,baostock,53
SZ000423,query_growth_data,baostock,53
SZ000425,query_profit_data,baostock,54
SZ000425,query_growth_data,baostock,54
SZ000488,query_profit_data,baostock,16
SZ000488,query_growth_data,baostock,16
SZ000503,query_profit_data,baostock,49
SZ000503,query_growth_data,baostock,49
SZ000527,query_profit_data,baostock,26
SZ000527,query_growth_data,baostock,26
SZ000528,query_profit_data,baostock,29
SZ000528,query_growth_data,baostock,29
SZ000536,query_profit_data,baostock,22
SZ000536,query_growth_data,baostock,22
SZ000538,query_profit_data,baostock,54
SZ000538,query_growth_data,baostock,54
SZ000539,query_profit_data,baostock,37
SZ000539,query_growth_data,baostock,37
SZ000540,query_profit_data,baostock,18
SZ000540,query_growth_data,baostock,18
SZ000541,query_profit_data,baostock,8
SZ000541,query_growth_data,baostock,8
SZ000543,query_profit_data,baostock,12
SZ000543,query_growth_data,baostock,12
SZ000550,query_profit_data,baostock,6
SZ000550,query_growth_data,baostock,6
SZ000553,query_profit_data,baostock,10
SZ000553,query_growth_data,baostock,10
SZ000555,query_profit_data,baostock,10
SZ000555,query_growth_data,baostock,10
SZ000559,query_profit_data,baostock,47
SZ000559,query_growth_data,baostock,47
SZ000562,query_profit_data,baostock,32
SZ000562,query_growth_data,baostock,32
SZ000568,query_profit_data,baostock,54
SZ000568,query_growth_data,baostock,54
SZ000572,query_profit_data,baostock,8
SZ000572,query_growth_data,baostock,8
SZ000581,query_profit_data,baostock,37
SZ000581,query_growth_data,baostock,37
SZ000596,query_profit_data,baostock,36
SZ000596,query_growth_data,baostock,36
SZ000598,query_profit_data,baostock,16
SZ000598,query_growth_data,baostock,16
SZ000612,query_profit_data,baostock,20
SZ000612,query_growth_data,baostock,20
SZ000617,query_profit_data,baostock,4
SZ000617,query_growth_data,baostock,4
SZ000623,query_profit_data,baostock,47
SZ000623,query_growth_data,baostock,47
SZ000625,query_profit_data,baostock,54
SZ000625,query_growth_data,baostock,54
SZ000627,query_profit_data,baostock,21
SZ000627,query_growth_data,baostock,21
SZ000629,query_profit_data,baostock,53
SZ000629,query_growth_data,baostock,53
SZ000630,query_profit_data,baostock,53
SZ000630,query_growth_data,eastmoney_reconstructed,53
SZ000631,query_profit_data,eastmoney_reconstructed,10
SZ000631,query_growth_data,eastmoney_reconstructed,10
SZ000636,query_profit_data,eastmoney_reconstructed,8
SZ000636,query_growth_data,eastmoney_reconstructed,8
SZ000651,query_profit_data,eastmoney_reconstructed,54
SZ000651,query_growth_data,eastmoney_reconstructed,54
SZ000652,query_profit_data,eastmoney_reconstructed,18
SZ000652,query_growth_data,eastmoney_reconstructed,18
SZ000656,query_profit_data,eastmoney_reconstructed,35
SZ000656,query_growth_data,eastmoney_reconstructed,35
SZ000661,query_profit_data,eastmoney_reconstructed,13
SZ000661,query_growth_data,eastmoney_reconstructed,13
SZ000667,query_profit_data,eastmoney_reconstructed,18
SZ000667,query_growth_data,eastmoney_reconstructed,18
SZ000671,query_profit_data,eastmoney_reconstructed,21
SZ000671,query_growth_data,eastmoney_reconstructed,21
SZ000680,query_profit_data,eastmoney_reconstructed,24
SZ000680,query_growth_data,eastmoney_reconstructed,24
SZ000682,query_profit_data,eastmoney_reconstructed,6
SZ000682,query_growth_data,eastmoney_reconstructed,6
SZ000685,query_profit_data,eastmoney_reconstructed,16
SZ000685,query_growth_data,eastmoney_reconstructed,16
SZ000686,query_profit_data,eastmoney_reconstructed,45
SZ000686,query_growth_data,eastmoney_reconstructed,45
SZ000690,query_profit_data,eastmoney_reconstructed,20
SZ000690,query_growth_data,eastmoney_reconstructed,20
SZ000703,query_profit_data,eastmoney_reconstructed,39
SZ000703,query_growth_data,eastmoney_reconstructed,39
SZ000708,query_profit_data,eastmoney_reconstructed,54
SZ000708,query_growth_data,eastmoney_reconstructed,54
SZ000709,query_profit_data,eastmoney_reconstructed,54
SZ000709,query_growth_data,eastmoney_reconstructed,54
SZ000712,query_profit_data,eastmoney_reconstructed,14
SZ000712,query_growth_data,eastmoney_reconstructed,14
SZ000717,query_profit_data,eastmoney_reconstructed,16
SZ000717,query_growth_data,eastmoney_reconstructed,16
SZ000718,query_profit_data,eastmoney_reconstructed,43
SZ000718,query_growth_data,eastmoney_reconstructed,43
SZ000723,query_profit_data,eastmoney_reconstructed,17
SZ000723,query_growth_data,eastmoney_reconstructed,17
SZ000725,query_profit_data,eastmoney_reconstructed,52
SZ000725,query_growth_data,eastmoney_reconstructed,52
SZ000728,query_profit_data,eastmoney_reconstructed,54
SZ000728,query_growth_data,eastmoney_reconstructed,54
SZ000729,query_profit_data,eastmoney_reconstructed,39
SZ000729,query_growth_data,eastmoney_reconstructed,39
SZ000738,query_profit_data,eastmoney_reconstructed,18
SZ000738,query_growth_data,eastmoney_reconstructed,18
SZ000750,query_profit_data,eastmoney_reconstructed,27
SZ000750,query_growth_data,eastmoney_reconstructed,27
SZ000751,query_profit_data,eastmoney_reconstructed,8
SZ000751,query_growth_data,eastmoney_reconstructed,8
SZ000755,query_profit_data,eastmoney_reconstructed,10
SZ000755,query_growth_data,eastmoney_reconstructed,10
SZ000758,query_profit_data,eastmoney_reconstructed,31
SZ000758,query_growth_data,eastmoney_reconstructed,31
SZ000761,query_profit_data,eastmoney_reconstructed,8
SZ000761,query_growth_data,eastmoney_reconstructed,8
SZ000767,query_profit_data,eastmoney_reconstructed,10
SZ000767,query_growth_data,eastmoney_reconstructed,10
SZ000768,query_profit_data,eastmoney_reconstructed,54
SZ000768,query_growth_data,eastmoney_reconstructed,54
SZ000776,query_profit_data,eastmoney_reconstructed,44
SZ000776,query_growth_data,eastmoney_reconstructed,44
SZ000778,query_profit_data,eastmoney_reconstructed,41
SZ000778,query_growth_data,eastmoney_reconstructed,41
SZ000780,query_profit_data,eastmoney_reconstructed,21
SZ000780,query_growth_data,eastmoney_reconstructed,21
SZ000783,query_profit_data,eastmoney_reconstructed,54
SZ000783,query_growth_data,eastmoney_reconstructed,54
SZ000786,query_profit_data,eastmoney_reconstructed,54
SZ000786,query_growth_data,eastmoney_reconstructed,54
SZ000792,query_profit_data,eastmoney_reconstructed,49
SZ000792,query_growth_data,eastmoney_reconstructed,49
SZ000793,query_profit_data,eastmoney_reconstructed,43
SZ000793,query_growth_data,eastmoney_reconstructed,43
SZ000800,query_profit_data,eastmoney_reconstructed,41
SZ000800,query_growth_data,eastmoney_reconstructed,41
SZ000807,query_profit_data,eastmoney_reconstructed,27
SZ000807,query_growth_data,eastmoney_reconstructed,27
SZ000822,query_profit_data,eastmoney_reconstructed,14
SZ000822,query_growth_data,eastmoney_reconstructed,14
SZ000825,query_profit_data,eastmoney_reconstructed,39
SZ000825,query_growth_data,eastmoney_reconstructed,39
SZ000826,query_profit_data,eastmoney_reconstructed,28
SZ000826,query_growth_data,eastmoney_reconstructed,28
SZ000828,query_profit_data,eastmoney_reconstructed,8
SZ000828,query_growth_data,eastmoney_reconstructed,8
SZ000829,query_profit_data,eastmoney_reconstructed,10
SZ000829,query_growth_data,eastmoney_reconstructed,10
SZ000831,query_profit_data,eastmoney_reconstructed,16
SZ000831,query_growth_data,eastmoney_reconstructed,16
SZ000839,query_profit_data,eastmoney_reconstructed,49
SZ000839,query_growth_data,eastmoney_reconstructed,49
SZ000858,query_profit_data,eastmoney_reconstructed,54
SZ000858,query_growth_data,eastmoney_reconstructed,54
SZ000860,query_profit_data,eastmoney_reconstructed,7
SZ000860,query_growth_data,eastmoney_reconstructed,7
SZ000869,query_profit_data,eastmoney_reconstructed,22
SZ000869,query_growth_data,eastmoney_reconstructed,22
SZ000876,query_profit_data,eastmoney_reconstructed,54
SZ000876,query_growth_data,eastmoney_reconstructed,54
SZ000878,query_profit_data,eastmoney_reconstructed,35
SZ000878,query_growth_data,eastmoney_reconstructed,35
SZ000883,query_profit_data,eastmoney_reconstructed,21
SZ000883,query_growth_data,eastmoney_reconstructed,21
SZ000895,query_profit_data,eastmoney_reconstructed,54
SZ000895,query_growth_data,eastmoney_reconstructed,54
SZ000897,query_profit_data,eastmoney_reconstructed,16
SZ000897,query_growth_data,eastmoney_reconstructed,16
SZ000898,query_profit_data,eastmoney_reconstructed,53
SZ000898,query_growth_data,eastmoney_reconstructed,53
SZ000900,query_profit_data,eastmoney_reconstructed,18
SZ000900,query_growth_data,eastmoney_reconstructed,18
SZ000912,query_profit_data,eastmoney_reconstructed,12
SZ000912,query_growth_data,eastmoney_reconstructed,12
SZ000917,query_profit_data,eastmoney_reconstructed,43
SZ000917,query_growth_data,eastmoney_reconstructed,43
SZ000927,query_profit_data,eastmoney_reconstructed,20
SZ000927,query_growth_data,eastmoney_reconstructed,20
SZ000930,query_profit_data,eastmoney_reconstructed,4
SZ000930,query_growth_data,eastmoney_reconstructed,4
SZ000932,query_profit_data,eastmoney_reconstructed,16
SZ000932,query_growth_data,eastmoney_reconstructed,16
SZ000933,query_profit_data,eastmoney_reconstructed,29
SZ000933,query_growth_data,eastmoney_reconstructed,29
SZ000937,query_profit_data,eastmoney_reconstructed,37
SZ000937,query_growth_data,eastmoney_reconstructed,37
SZ000938,query_profit_data,eastmoney_reconstructed,21
SZ000938,query_growth_data,eastmoney_reconstructed,21
SZ000951,query_profit_data,eastmoney_reconstructed,20
SZ000951,query_growth_data,eastmoney_reconstructed,20
SZ000959,query_profit_data,eastmoney_reconstructed,49
SZ000959,query_growth_data,eastmoney_reconstructed,49
SZ000960,query_profit_data,eastmoney_reconstructed,35
SZ000960,query_growth_data,eastmoney_reconstructed,35
SZ000961,query_profit_data,eastmoney_reconstructed,46
SZ000961,query_growth_data,eastmoney_reconstructed,46
SZ000962,query_profit_data,eastmoney_reconstructed,4
SZ000962,query_growth_data,eastmoney_reconstructed,4
SZ000963,query_profit_data,eastmoney_reconstructed,35
SZ000963,query_growth_data,eastmoney_reconstructed,35
SZ000968,query_profit_data,eastmoney_reconstructed,23
SZ000968,query_growth_data,eastmoney_reconstructed,23
SZ000969,query_profit_data,eastmoney_reconstructed,27
SZ000969,query_growth_data,eastmoney_reconstructed,27
SZ000970,query_profit_data,eastmoney_reconstructed,35
SZ000970,query_growth_data,eastmoney_reconstructed,35
SZ000977,query_profit_data,eastmoney_reconstructed,23
SZ000977,query_growth_data,eastmoney_reconstructed,23
SZ000983,query_profit_data,eastmoney_reconstructed,49
SZ000983,query_growth_data,eastmoney_reconstructed,49
SZ000997,query_profit_data,eastmoney_reconstructed,4
SZ000997,query_growth_data,eastmoney_reconstructed,4
SZ000999,query_profit_data,eastmoney_reconstructed,35
SZ000999,query_growth_data,eastmoney_reconstructed,35
SZ001965,query_profit_data,eastmoney_reconstructed,10
SZ001965,query_growth_data,eastmoney_reconstructed,10
SZ001979,query_profit_data,eastmoney_reconstructed,24
SZ001979,query_growth_data,eastmoney_reconstructed,24
SZ002001,query_profit_data,eastmoney_reconstructed,52
SZ002001,query_growth_data,eastmoney_reconstructed,52
SZ002007,query_profit_data,eastmoney_reconstructed,48
SZ002007,query_growth_data,eastmoney_reconstructed,48
SZ002008,query_profit_data,eastmoney_reconstructed,54
SZ002008,query_growth_data,eastmoney_reconstructed,54
SZ002010,query_profit_data,eastmoney_reconstructed,10
SZ002010,query_growth_data,eastmoney_reconstructed,10
SZ002024,query_profit_data,eastmoney_reconstructed,54
SZ002024,query_growth_data,eastmoney_reconstructed,54
SZ002027,query_profit_data,eastmoney_reconstructed,23
SZ002027,query_growth_data,eastmoney_reconstructed,23
SZ002028,query_profit_data,eastmoney_reconstructed,16
SZ002028,query_growth_data,eastmoney_reconstructed,16
SZ002032,query_profit_data,eastmoney_reconstructed,13
SZ002032,query_growth_data,eastmoney_reconstructed,13
SZ002038,query_profit_data,eastmoney_reconstructed,33
SZ002038,query_growth_data,eastmoney_reconstructed,33
SZ002044,query_profit_data,eastmoney_reconstructed,19
SZ002044,query_growth_data,eastmoney_reconstructed,19
SZ002049,query_profit_data,eastmoney_reconstructed,10
SZ002049,query_growth_data,eastmoney_reconstructed,10
SZ002050,query_profit_data,eastmoney_reconstructed,15
SZ002050,query_growth_data,eastmoney_reconstructed,15
SZ002051,query_profit_data,eastmoney_reconstructed,35
SZ002051,query_growth_data,eastmoney_reconstructed,35
SZ002065,query_profit_data,eastmoney_reconstructed,30
SZ002065,query_growth_data,eastmoney_reconstructed,30
SZ002069,query_profit_data,eastmoney_reconstructed,29
SZ002069,query_growth_data,eastmoney_reconstructed,29
SZ002073,query_profit_data,eastmoney_reconstructed,14
SZ002073,query_growth_data,eastmoney_reconstructed,14
SZ002074,query_profit_data,eastmoney_reconstructed,14
SZ002074,query_growth_data,eastmoney_reconstructed,14
SZ002078,query_profit_data,eastmoney_reconstructed,4
SZ002078,query_growth_data,eastmoney_reconstructed,4
SZ002081,query_profit_data,eastmoney_reconstructed,38
SZ002081,query_growth_data,eastmoney_reconstructed,38
SZ002083,query_profit_data,eastmoney_reconstructed,4
SZ002083,query_growth_data,eastmoney_reconstructed,4
SZ002085,query_profit_data,eastmoney_reconstructed,16
SZ002085,query_growth_data,eastmoney_reconstructed,16
SZ002092,query_profit_data,eastmoney_reconstructed,17
SZ002092,query_growth_data,eastmoney_reconstructed,17
SZ002097,query_profit_data,eastmoney_reconstructed,10
SZ002097,query_growth_data,eastmoney_reconstructed,10
SZ002106,query_profit_data,eastmoney_reconstructed,31
SZ002106,query_growth_data,eastmoney_reconstructed,31
SZ002110,query_profit_data,eastmoney_reconstructed,6
SZ002110,query_growth_data,eastmoney_reconstructed,6
SZ002120,query_profit_data,eastmoney_reconstructed,13
SZ002120,query_growth_data,eastmoney_reconstructed,13
SZ002122,query_profit_data,eastmoney_reconstructed,25
SZ002122,query_growth_data,eastmoney_reconstructed,25
SZ002128,query_profit_data,eastmoney_reconstructed,27
SZ002128,query_growth_data,eastmoney_reconstructed,27
SZ002129,query_profit_data,eastmoney_reconstructed,33
SZ002129,query_growth_data,eastmoney_reconstructed,33
SZ002131,query_profit_data,eastmoney_reconstructed,10
SZ002131,query_growth_data,eastmoney_reconstructed,10
SZ002142,query_profit_data,eastmoney_reconstructed,54
SZ002142,query_growth_data,eastmoney_reconstructed,54
SZ002146,query_profit_data,eastmoney_reconstructed,54
SZ002146,query_growth_data,eastmoney_reconstructed,54
SZ002152,query_profit_data,eastmoney_reconstructed,41
SZ002152,query_growth_data,eastmoney_reconstructed,41
SZ002153,query_profit_data,eastmoney_reconstructed,29
SZ002153,query_growth_data,eastmoney_reconstructed,29
SZ002155,query_profit_data,eastmoney_reconstructed,29
SZ002155,query_growth_data,eastmoney_reconstructed,29
SZ002157,query_profit_data,eastmoney_reconstructed,7
SZ002157,query_growth_data,eastmoney_reconstructed,7
SZ002174,query_profit_data,eastmoney_reconstructed,12
SZ002174,query_growth_data,eastmoney_reconstructed,12
SZ002179,query_profit_data,eastmoney_reconstructed,13
SZ002179,query_growth_data,eastmoney_reconstructed,13
SZ002183,query_profit_data,eastmoney_reconstructed,12
SZ002183,query_growth_data,eastmoney_reconstructed,12
SZ002194,query_profit_data,eastmoney_reconstructed,8
SZ002194,query_growth_data,eastmoney_reconstructed,8
SZ002195,query_profit_data,eastmoney_reconstructed,14
SZ002195,query_growth_data,eastmoney_reconstructed,14
SZ002202,query_profit_data,eastmoney_reconstructed,54
SZ002202,query_growth_data,eastmoney_reconstructed,54
SZ002230,query_profit_data,eastmoney_reconstructed,33
SZ002230,query_growth_data,eastmoney_reconstructed,33
SZ002236,query_profit_data,eastmoney_reconstructed,36
SZ002236,query_growth_data,eastmoney_reconstructed,36
SZ002241,query_profit_data,eastmoney_reconstructed,39
SZ002241,query_growth_data,eastmoney_reconstructed,39
SZ002242,query_profit_data,eastmoney_reconstructed,14
SZ002242,query_growth_data,eastmoney_reconstructed,14
SZ002244,query_profit_data,eastmoney_reconstructed,17
SZ002244,query_growth_data,eastmoney_reconstructed,17
SZ002252,query_profit_data,eastmoney_reconstructed,31
SZ002252,query_growth_data,eastmoney_reconstructed,31
SZ002269,query_profit_data,eastmoney_reconstructed,27
SZ002269,query_growth_data,eastmoney_reconstructed,27
SZ002271,query_profit_data,eastmoney_reconstructed,13
SZ002271,query_growth_data,eastmoney_reconstructed,13
SZ002275,query_profit_data,eastmoney_reconstructed,8
SZ002275,query_growth_data,eastmoney_reconstructed,8
SZ002292,query_profit_data,eastmoney_reconstructed,22
SZ002292,query_growth_data,eastmoney_reconstructed,22
SZ002294,query_profit_data,eastmoney_reconstructed,43
SZ002294,query_growth_data,eastmoney_reconstructed,43
SZ002299,query_profit_data,eastmoney_reconstructed,29
SZ002299,query_growth_data,eastmoney_reconstructed,29
SZ002304,query_profit_data,eastmoney_reconstructed,46
SZ002304,query_growth_data,eastmoney_reconstructed,46
SZ002310,query_profit_data,eastmoney_reconstructed,40
SZ002310,query_growth_data,eastmoney_reconstructed,40
SZ002311,query_profit_data,eastmoney_reconstructed,13
SZ002311,query_growth_data,eastmoney_reconstructed,13
SZ002344,query_profit_data,eastmoney_reconstructed,21
SZ002344,query_growth_data,eastmoney_reconstructed,21
SZ002352,query_profit_data,eastmoney_reconstructed,19
SZ002352,query_growth_data,eastmoney_reconstructed,19
SZ002353,query_profit_data,eastmoney_reconstructed,22
SZ002353,query_growth_data,eastmoney_reconstructed,22
SZ002371,query_profit_data,eastmoney_reconstructed,7
SZ002371,query_growth_data,eastmoney_reconstructed,7
SZ002375,query_profit_data,eastmoney_reconstructed,19
SZ002375,query_growth_data,eastmoney_reconstructed,19
SZ002378,query_profit_data,eastmoney_reconstructed,13
SZ002378,query_growth_data,eastmoney_reconstructed,13
SZ002385,query_profit_data,eastmoney_reconstructed,37
SZ002385,query_growth_data,eastmoney_reconstructed,37
SZ002399,query_profit_data,eastmoney_reconstructed,29
SZ002399,query_growth_data,eastmoney_reconstructed,29
SZ002400,query_profit_data,eastmoney_reconstructed,10
SZ002400,query_growth_data,eastmoney_reconstructed,10
SZ002405,query_profit_data,eastmoney_reconstructed,15
SZ002405,query_growth_data,eastmoney_reconstructed,15
SZ002410,query_profit_data,eastmoney_reconstructed,31
SZ002410,query_growth_data,eastmoney_reconstructed,31
SZ002411,query_profit_data,eastmoney_reconstructed,18
SZ002411,query_growth_data,eastmoney_reconstructed,18
SZ002415,query_profit_data,eastmoney_reconstructed,44
SZ002415,query_growth_data,eastmoney_reconstructed,44
SZ002416,query_profit_data,eastmoney_reconstructed,10
SZ002416,query_growth_data,eastmoney_reconstructed,10
SZ002422,query_profit_data,eastmoney_reconstructed,44
SZ002422,query_growth_data,eastmoney_reconstructed,44
SZ002424,query_profit_data,eastmoney_reconstructed,14
SZ002424,query_growth_data,eastmoney_reconstructed,14
SZ002426,query_profit_data,eastmoney_reconstructed,12
SZ002426,query_growth_data,eastmoney_reconstructed,12
SZ002429,query_profit_data,eastmoney_reconstructed,10
SZ002429,query_growth_data,eastmoney_reconstructed,10
SZ002431,query_profit_data,eastmoney_reconstructed,15
SZ002431,query_growth_data,eastmoney_reconstructed,15
SZ002450,query_profit_data,eastmoney_reconstructed,30
SZ002450,query_growth_data,eastmoney_reconstructed,30
SZ002456,query_profit_data,eastmoney_reconstructed,33
SZ002456,query_growth_data,eastmoney_reconstructed,33
SZ002460,query_profit_data,eastmoney_reconstructed,17
SZ002460,query_growth_data,eastmoney_reconstructed,17
SZ002463,query_profit_data,eastmoney_reconstructed,7
SZ002463,query_growth_data,eastmoney_reconstructed,7
SZ002465,query_profit_data,eastmoney_reconstructed,22
SZ002465,query_growth_data,eastmoney_reconstructed,22
SZ002466,query_profit_data,eastmoney_reconstructed,21
SZ002466,query_growth_data,eastmoney_reconstructed,21
SZ002468,query_profit_data,eastmoney_reconstructed,17
SZ002468,query_growth_data,eastmoney_reconstructed,17
SZ002470,query_profit_data,eastmoney_reconstructed,24
SZ002470,query_growth_data,eastmoney_reconstructed,24
SZ002475,query_profit_data,eastmoney_reconstructed,31
SZ002475,query_growth_data,eastmoney_reconstructed,31
SZ002493,query_profit_data,eastmoney_reconstructed,43
SZ002493,query_growth_data,eastmoney_reconstructed,43
SZ002498,query_profit_data,eastmoney_reconstructed,10
SZ002498,query_growth_data,eastmoney_reconstructed,10
SZ002500,query_profit_data,eastmoney_reconstructed,36
SZ002500,query_growth_data,eastmoney_reconstructed,36
SZ002508,query_profit_data,eastmoney_reconstructed,19
SZ002508,query_growth_data,eastmoney_reconstructed,19
SZ002555,query_profit_data,eastmoney_reconstructed,19
SZ002555,query_growth_data,eastmoney_reconstructed,19
SZ002558,query_profit_data,eastmoney_reconstructed,19
SZ002558,query_growth_data,eastmoney_reconstructed,19
SZ002568,query_profit_data,eastmoney_reconstructed,10
SZ002568,query_growth_data,eastmoney_reconstructed,10
SZ002570,query_profit_data,eastmoney_reconstructed,20
SZ002570,query_growth_data,eastmoney_reconstructed,20
SZ002572,query_profit_data,eastmoney_reconstructed,12
SZ002572,query_growth_data,eastmoney_reconstructed,12
SZ002594,query_profit_data,eastmoney_reconstructed,40
SZ002594,query_growth_data,eastmoney_reconstructed,40
SZ002601,query_profit_data,eastmoney_reconstructed,17
SZ002601,query_growth_data,eastmoney_reconstructed,17
SZ002602,query_profit_data,eastmoney_reconstructed,19
SZ002602,query_growth_data,eastmoney_reconstructed,19
SZ002603,query_profit_data,eastmoney_reconstructed,19
SZ002603,query_growth_data,eastmoney_reconstructed,19
SZ002607,query_profit_data,eastmoney_reconstructed,9
SZ002607,query_growth_data,eastmoney_reconstructed,9
SZ002608,query_profit_data,eastmoney_reconstructed,10
SZ002608,query_growth_data,eastmoney_reconstructed,10
SZ002624,query_profit_data,eastmoney_reconstructed,17
SZ002624,query_growth_data,eastmoney_reconstructed,17
SZ002625,query_profit_data,eastmoney_reconstructed,12
SZ002625,query_growth_data,eastmoney_reconstructed,12
SZ002653,query_profit_data,eastmoney_reconstructed,14
SZ002653,query_growth_data,eastmoney_reconstructed,14
SZ002673,query_profit_data,eastmoney_reconstructed,36
SZ002673,query_growth_data,eastmoney_reconstructed,36
SZ002714,query_profit_data,eastmoney_reconstructed,21
SZ002714,query_growth_data,eastmoney_reconstructed,21
SZ002736,query_profit_data,eastmoney_reconstructed,27
SZ002736,query_growth_data,eastmoney_reconstructed,27
SZ002739,query_profit_data,eastmoney_reconstructed,25
SZ002739,query_growth_data,eastmoney_reconstructed,25
SZ002773,query_profit_data,eastmoney_reconstructed,13
SZ002773,query_growth_data,eastmoney_reconstructed,13
SZ002797,query_profit_data,eastmoney_reconstructed,16
SZ002797,query_growth_data,eastmoney_reconstructed,16
SZ002831,query_profit_data,eastmoney_reconstructed,10
SZ002831,query_growth_data,eastmoney_reconstructed,10
SZ002839,query_profit_data,eastmoney_reconstructed,10
SZ002839,query_growth_data,eastmoney_reconstructed,10
SZ002841,query_profit_data,eastmoney_reconstructed,19
SZ002841,query_growth_data,eastmoney_reconstructed,19
SZ002916,query_profit_data,eastmoney_reconstructed,9
SZ002916,query_growth_data,eastmoney_reconstructed,9
SZ002925,query_profit_data,eastmoney_reconstructed,12
SZ002925,query_growth_data,eastmoney_reconstructed,12
SZ002938,query_profit_data,eastmoney_reconstructed,11
SZ002938,query_growth_data,eastmoney_reconstructed,11
SZ002939,query_profit_data,eastmoney_reconstructed,11
SZ002939,query_growth_data,eastmoney_reconstructed,11
SZ002945,query_profit_data,eastmoney_reconstructed,11
SZ002945,query_growth_data,eastmoney_reconstructed,11
SZ002958,query_profit_data,eastmoney_reconstructed,9
SZ002958,query_growth_data,eastmoney_reconstructed,9
SZ003816,query_profit_data,eastmoney_reconstructed,7
SZ003816,query_growth_data,eastmoney_reconstructed,7
SZ300002,query_profit_data,eastmoney_reconstructed,14
SZ300002,query_growth_data,eastmoney_reconstructed,14
SZ300003,query_profit_data,eastmoney_reconstructed,27
SZ300003,query_growth_data,eastmoney_reconstructed,27
SZ300014,query_profit_data,eastmoney_reconstructed,7
SZ300014,query_growth_data,eastmoney_reconstructed,7
SZ300015,query_profit_data,eastmoney_reconstructed,29
SZ300015,query_growth_data,eastmoney_reconstructed,29
SZ300017,query_profit_data,eastmoney_reconstructed,28
SZ300017,query_growth_data,eastmoney_reconstructed,28
SZ300024,query_profit_data,eastmoney_reconstructed,28
SZ300024,query_growth_data,eastmoney_reconstructed,28
SZ300027,query_profit_data,eastmoney_reconstructed,22
SZ300027,query_growth_data,eastmoney_reconstructed,22
SZ300033,query_profit_data,eastmoney_reconstructed,21
SZ300033,query_growth_data,eastmoney_reconstructed,21
SZ300058,query_profit_data,eastmoney_reconstructed,16
SZ300058,query_growth_data,eastmoney_reconstructed,16
SZ300059,query_profit_data,eastmoney_reconstructed,27
SZ300059,query_growth_data,eastmoney_reconstructed,27
SZ300070,query_profit_data,eastmoney_reconstructed,28
SZ300070,query_growth_data,eastmoney_reconstructed,28
SZ300072,query_profit_data,eastmoney_reconstructed,18
SZ300072,query_growth_data,eastmoney_reconstructed,18
SZ300085,query_profit_data,eastmoney_reconstructed,10
SZ300085,query_growth_data,eastmoney_reconstructed,10
SZ300104,query_profit_data,eastmoney_reconstructed,16
SZ300104,query_growth_data,eastmoney_reconstructed,16
SZ300122,query_profit_data,eastmoney_reconstructed,17
SZ300122,query_growth_data,eastmoney_reconstructed,17
SZ300124,query_profit_data,eastmoney_reconstructed,29
SZ300124,query_growth_data,eastmoney_reconstructed,29
SZ300133,query_profit_data,eastmoney_reconstructed,18
SZ300133,query_growth_data,eastmoney_reconstructed,18
SZ300136,query_profit_data,eastmoney_reconstructed,17
SZ300136,query_growth_data,eastmoney_reconstructed,17
SZ300142,query_profit_data,eastmoney_reconstructed,13
SZ300142,query_growth_data,eastmoney_reconstructed,13
SZ300144,query_profit_data,eastmoney_reconstructed,25
SZ300144,query_growth_data,eastmoney_reconstructed,25
SZ300146,query_profit_data,eastmoney_reconstructed,16
SZ300146,query_growth_data,eastmoney_reconstructed,16
SZ300168,query_profit_data,eastmoney_reconstructed,12
SZ300168,query_growth_data,eastmoney_reconstructed,12
SZ300182,query_profit_data,eastmoney_reconstructed,8
SZ300182,query_growth_data,eastmoney_reconstructed,8
SZ300251,query_profit_data,eastmoney_reconstructed,26
SZ300251,query_growth_data,eastmoney_reconstructed,26
SZ300296,query_profit_data,eastmoney_reconstructed,10
SZ300296,query_growth_data,eastmoney_reconstructed,10
SZ300315,query_profit_data,eastmoney_reconstructed,16
SZ300315,query_growth_data,eastmoney_reconstructed,16
SZ300347,query_profit_data,eastmoney_reconstructed,9
SZ300347,query_growth_data,eastmoney_reconstructed,9
SZ300408,query_profit_data,eastmoney_reconstructed,15
SZ300408,query_growth_data,eastmoney_reconstructed,15
SZ300413,query_profit_data,eastmoney_reconstructed,11
SZ300413,query_growth_data,eastmoney_reconstructed,11
SZ300433,query_profit_data,eastmoney_reconstructed,15
SZ300433,query_growth_data,eastmoney_reconstructed,15
SZ300498,query_profit_data,eastmoney_reconstructed,11
SZ300498,query_growth_data,eastmoney_reconstructed,11
SZ300601,query_profit_data,eastmoney_reconstructed,7
SZ300601,query_growth_data,eastmoney_reconstructed,7
SZ300628,query_profit_data,eastmoney_reconstructed,7
SZ300628,query_growth_data,eastmoney_reconstructed,7
