feature,family,split,coverage,days,pairs,ic,ic_std,icir,positive_ic_ratio,rank_ic,rank_ic_std,rank_icir,positive_rank_ic_ratio
KMID,candlestick,basis_fit,0.9325136612021858,233,56900,-0.04341518179074162,0.20184578326743513,-0.21509085346221363,0.3905579399141631,-0.04694425271633017,0.21313415993724277,-0.2202568219479828,0.38626609442060084
KLEN,candlestick,basis_fit,0.9325136612021858,233,56900,-0.0246263922246879,0.20176832334417702,-0.12205281689673421,0.44635193133047213,-0.044632210868185904,0.21721405675596409,-0.20547570233140738,0.3776824034334764
KMID2,candlestick,basis_fit,0.9325136612021858,233,56900,-0.02998251584539116,0.19513770742593498,-0.15364798654699324,0.45064377682403434,-0.03371244159027121,0.20362859408081382,-0.16555848525326358,0.4248927038626609
KUP,candlestick,basis_fit,0.9325136612021858,233,56900,-0.00677172410824809,0.15721465717432423,-0.0430731092759335,0.4678111587982833,-0.01769287262944514,0.15795177884541683,-0.11201439299243778,0.44206008583690987
KUP2,candlestick,basis_fit,0.9325136612021858,233,56900,0.0013592999359601477,0.1424468815998909,0.00954250398950951,0.5236051502145923,-0.0019812406570415947,0.14495653592863933,-0.013667825630276789,0.5150214592274678
KLOW,candlestick,basis_fit,0.9325136612021858,233,56900,-0.044331677375565225,0.14411523896793246,-0.3076126972625678,0.34334763948497854,-0.05384922580794347,0.1536064762517162,-0.35056611623392947,0.33476394849785407
KLOW2,candlestick,basis_fit,0.9325136612021858,233,56900,-0.029965989292267837,0.1351967208191039,-0.22164730853467202,0.4206008583690987,-0.029768536001500166,0.14695978852918787,-0.20256245806714535,0.41201716738197425
KSFT,candlestick,basis_fit,0.9325136612021858,233,56900,-0.04959905856480813,0.19881163211949468,-0.24947764894861324,0.3648068669527897,-0.04810028988630273,0.2080609110300002,-0.23118369350678836,0.36909871244635195
KSFT2,candlestick,basis_fit,0.9325136612021858,233,56900,-0.04108712878614896,0.182454695032756,-0.2251908550710225,0.41630901287553645,-0.043255403234221244,0.18821665131284154,-0.22981709074360754,0.38626609442060084
OPEN0,intraday_price_ratio,basis_fit,0.9325136612021858,233,56900,0.04245812599689676,0.20266954816933003,0.20949435364321764,0.6094420600858369,0.04694812820505689,0.21313291024662906,0.22027629684561784,0.6137339055793991
HIGH0,intraday_price_ratio,basis_fit,0.9325136612021858,233,56900,0.0215224696788925,0.19003542299154416,0.11325504129748572,0.5107296137339056,0.013921483837614337,0.19535320257683705,0.07126314620892221,0.5064377682403434
LOW0,intraday_price_ratio,basis_fit,0.9325136612021858,233,56900,0.0550619419620578,0.18923333701857709,0.2909737936749081,0.6566523605150214,0.06661783138678357,0.20488138093954755,0.325153174394309,0.6995708154506438
VWAP0,intraday_price_ratio,basis_fit,0.9325136612021858,233,56900,0.05205833674859534,0.18949260793522335,0.27472489463225447,0.6351931330472103,0.05208836603718823,0.20282757507386634,0.25681106732266823,0.6351931330472103
ROC5,trend_reversal,basis_fit,0.9178142076502732,232,56169,0.036739396306958584,0.20718420988172798,0.1773272023381098,0.5689655172413793,0.05527684084657001,0.209693971921535,0.26360720024538403,0.603448275862069
ROC10,trend_reversal,basis_fit,0.910724043715847,233,55758,0.052993930186252085,0.21352976573611684,0.24818052885302533,0.5708154506437768,0.06623433121882204,0.21873552041069544,0.30280555757227345,0.6051502145922747
ROC20,trend_reversal,basis_fit,0.901775956284153,233,55194,0.0596502813880925,0.23243599418584013,0.25663099898546765,0.575107296137339,0.07681413142165941,0.23833573008217676,0.3222938138363658,0.6008583690987125
ROC30,trend_reversal,basis_fit,0.8952185792349727,233,54827,0.1275353798134785,0.23094704098543792,0.5522278149539924,0.6909871244635193,0.14479989562432366,0.23463360017674345,0.6171319688026337,0.721030042918455
ROC60,trend_reversal,basis_fit,0.8837431693989071,233,54070,0.0884090798623009,0.21093691720170246,0.4191256847551357,0.6609442060085837,0.10643515081347744,0.22674011764265203,0.46941472872137185,0.6952789699570815
MA5,trend_reversal,basis_fit,0.9325136612021858,233,56900,0.04876354775690615,0.20277801496594144,0.24047748847475633,0.5965665236051502,0.06387752168340187,0.2091954748809246,0.3053484867192341,0.6523605150214592
MA10,trend_reversal,basis_fit,0.9325136612021858,233,56900,0.04558114455008342,0.20474630596383459,0.22262254908830764,0.5879828326180258,0.06260416410910997,0.20563416642351828,0.304444369328063,0.6266094420600858
MA20,trend_reversal,basis_fit,0.9325136612021858,233,56900,0.06022930703760686,0.22193087678356085,0.2713876857087614,0.6051502145922747,0.07903342017563317,0.22434096901433837,0.3522915164487048,0.6223175965665236
MA30,trend_reversal,basis_fit,0.9325136612021858,233,56900,0.08283649776033962,0.23033327607656384,0.35963756158621385,0.5965665236051502,0.10204978155500662,0.23189949097890708,0.44006039480392295,0.6394849785407726
MA60,trend_reversal,basis_fit,0.9325136612021858,233,56900,0.11259368932796643,0.22399241670441503,0.5026674160873373,0.703862660944206,0.13729480273794756,0.2322491905534414,0.5911529870600583,0.7253218884120172
STD5,volatility,basis_fit,0.9300136612021858,233,56802,-0.004932128870003472,0.20233216978914206,-0.024376394891348362,0.44635193133047213,-0.014529132130390567,0.21332054450370186,-0.06810938985831454,0.43776824034334766
STD10,volatility,basis_fit,0.9312158469945355,233,56856,-0.009296057150731134,0.20799757344176104,-0.044693103851685144,0.4334763948497854,-0.02029723048222298,0.22139936039918592,-0.09167700595713922,0.4034334763948498
STD20,volatility,basis_fit,0.9316530054644808,233,56877,-0.01616971673490906,0.2296220161300049,-0.07041884313808248,0.44206008583690987,-0.03589920937795704,0.2553782043294112,-0.14057272221888917,0.38197424892703863
STD30,volatility,basis_fit,0.9319398907103825,233,56888,-0.006840932086531628,0.24973586443886753,-0.02739266985902303,0.43776824034334766,-0.027330274449905996,0.27756661610329886,-0.09846383846007906,0.3948497854077253
STD60,volatility,basis_fit,0.9321857923497268,233,56895,-0.011751226728600758,0.27151839008068374,-0.043279671498894765,0.4592274678111588,-0.03173126512582068,0.3022340923092829,-0.10498903311460102,0.44206008583690987
BETA5,trend_reversal,basis_fit,0.9300136612021858,233,56802,-0.038397281087501116,0.20050106827953335,-0.1915066159845524,0.4206008583690987,-0.05732408924501981,0.20780148146674238,-0.2758598679874872,0.3776824034334764
BETA10,trend_reversal,basis_fit,0.9312158469945355,233,56856,-0.03050054863978584,0.1952590575418784,-0.1562055508397822,0.45064377682403434,-0.0467559332231711,0.20503473493284954,-0.22803908439457357,0.4291845493562232
BETA20,trend_reversal,basis_fit,0.9316530054644808,233,56877,-0.03827899289600341,0.21269660890519776,-0.17996992567504902,0.41630901287553645,-0.06351476197387401,0.23537686395749988,-0.2698428422656798,0.3776824034334764
BETA30,trend_reversal,basis_fit,0.9319398907103825,233,56888,-0.06909011707853072,0.20971670900344835,-0.3294449803586927,0.41201716738197425,-0.09588726909952194,0.23700619216194624,-0.4045770628389414,0.34334763948497854
BETA60,trend_reversal,basis_fit,0.9321857923497268,233,56895,-0.06350292652848183,0.1916313347549706,-0.3313807035247124,0.33047210300429186,-0.09732800071753964,0.23006108388093502,-0.42305286524647695,0.296137339055794
RSQR5,trend_reversal,basis_fit,0.9300136612021858,233,56802,-0.01342483749140812,0.15224822947794803,-0.08817729793930118,0.38626609442060084,-0.01634495566337274,0.15273342475251964,-0.10701623230054035,0.3948497854077253
RSQR10,trend_reversal,basis_fit,0.9312158469945355,233,56856,-0.0073214342886766546,0.16968434056419088,-0.043147377444101784,0.463519313304721,-0.011441934057303737,0.1748233946477687,-0.06544852924493749,0.4248927038626609
RSQR20,trend_reversal,basis_fit,0.9316530054644808,233,56877,-0.019941603668444594,0.18431663140905555,-0.10819210136381027,0.45064377682403434,-0.025110120120160232,0.19597114530297416,-0.12813172103137752,0.4291845493562232
RSQR30,trend_reversal,basis_fit,0.9319398907103825,233,56888,-0.012958397537950542,0.17542106137206873,-0.07387024931097488,0.463519313304721,-0.016431885405706986,0.18079377322965756,-0.0908874521072913,0.4592274678111588
RSQR60,trend_reversal,basis_fit,0.9321857923497268,233,56895,-0.0556484217211895,0.15347526181051446,-0.3625888697938489,0.36909871244635195,-0.06120233529263384,0.16667881064978515,-0.3671872570606966,0.36909871244635195
RESI5,trend_reversal,basis_fit,0.9300136612021858,233,56802,-0.026207443098622763,0.19186322358890312,-0.13659440620457988,0.44206008583690987,-0.02689642094868691,0.20023193330677563,-0.13432633099276362,0.44635193133047213
RESI10,trend_reversal,basis_fit,0.9312158469945355,233,56856,-0.030513803188912142,0.1871914403510459,-0.16300853891443254,0.4248927038626609,-0.03658642280388679,0.20399158054885788,-0.17935261203157354,0.41201716738197425
RESI20,trend_reversal,basis_fit,0.9316530054644808,233,56877,-0.03301804031933617,0.2079699735147846,-0.15876349725547717,0.3905579399141631,-0.040153462026174,0.22601024474392406,-0.17766213240319703,0.38626609442060084
RESI30,trend_reversal,basis_fit,0.9319398907103825,233,56888,-0.0016738101021882903,0.21168140996127505,-0.007907213498315685,0.44635193133047213,-0.012348373826332911,0.22768624852823183,-0.05423416612181469,0.4291845493562232
RESI60,trend_reversal,basis_fit,0.9321857923497268,233,56895,-0.03967920204611246,0.22729330275384238,-0.17457268456820682,0.463519313304721,-0.04804321645820709,0.2298500852102998,-0.20901978963484077,0.4248927038626609
MAX5,price_position,basis_fit,0.9325136612021858,233,56900,0.019069119780749624,0.19741801045876875,0.09659260437503121,0.5021459227467812,0.026020400474699938,0.21185883698094093,0.122819519098185,0.5450643776824035
MAX10,price_position,basis_fit,0.9325136612021858,233,56900,0.01955689335094469,0.19811383337314545,0.0987154355552218,0.4892703862660944,0.026047961441135758,0.21476852144517217,0.12128388865304682,0.5064377682403434
MAX20,price_position,basis_fit,0.9325136612021858,233,56900,0.017014779924620905,0.2144488348522151,0.07934190892828324,0.5064377682403434,0.024416913444350506,0.23230081671173278,0.10510902970543574,0.4978540772532189
MAX30,price_position,basis_fit,0.9325136612021858,233,56900,0.04071137258798687,0.24411527445352943,0.16677109893726383,0.5107296137339056,0.0493282889660565,0.2612143152658163,0.18884221148392713,0.5278969957081545
MAX60,price_position,basis_fit,0.9325136612021858,233,56900,0.0421728419122905,0.24955192564148998,0.16899425561987702,0.5450643776824035,0.044948214682018955,0.2712787356825606,0.16569015101358897,0.5364806866952789
MIN5,price_position,basis_fit,0.9325136612021858,233,56900,0.05594203215236669,0.20234966265591084,0.2764621962700987,0.6266094420600858,0.07527909051788241,0.20920388007397253,0.3598360149499351,0.6652360515021459
MIN10,price_position,basis_fit,0.9325136612021858,233,56900,0.050951788630674365,0.1992107026259253,0.25576832950763106,0.6137339055793991,0.0726922784625205,0.2013110847024563,0.3610942664680478,0.6609442060085837
MIN20,price_position,basis_fit,0.9325136612021858,233,56900,0.04763049046346879,0.2012478930677822,0.23667572235117207,0.5708154506437768,0.07295106936212264,0.20229284825155902,0.36062109952302984,0.6351931330472103
MIN30,price_position,basis_fit,0.9325136612021858,233,56900,0.07027356304959562,0.20527990929299025,0.342330446713595,0.592274678111588,0.09365051912383696,0.20569215186999878,0.45529456652787514,0.6695278969957081
MIN60,price_position,basis_fit,0.9325136612021858,233,56900,0.07869109236137922,0.2044031810131286,0.38497978344243566,0.6351931330472103,0.10731494976919503,0.21189182167580428,0.5064610277096373,0.6824034334763949
QTLU5,price_position,basis_fit,0.9325136612021858,233,56900,0.0429813849635315,0.19508462689331724,0.22032174266112745,0.6008583690987125,0.05798675385287256,0.20696596945713847,0.28017530613834224,0.648068669527897
QTLU10,price_position,basis_fit,0.9325136612021858,233,56900,0.0409158924773705,0.19123907550196742,0.21395152831592498,0.575107296137339,0.05532444263828394,0.20215048303574296,0.2736794976072445,0.5836909871244635
QTLU20,price_position,basis_fit,0.9325136612021858,233,56900,0.05406735978869514,0.21635049875155063,0.2499063330137464,0.6137339055793991,0.06689959401081325,0.22721894378927154,0.294427889220617,0.630901287553648
QTLU30,price_position,basis_fit,0.9325136612021858,233,56900,0.07065395706617235,0.2324767011003819,0.3039184431461131,0.6051502145922747,0.085629426838833,0.2398542100785495,0.35700614473596415,0.6137339055793991
QTLU60,price_position,basis_fit,0.9325136612021858,233,56900,0.09057732206607541,0.23966923535852794,0.3779263614313212,0.6180257510729614,0.10745203394048397,0.24761509972279197,0.4339478249136575,0.648068669527897
QTLD5,price_position,basis_fit,0.9325136612021858,233,56900,0.04990990679671458,0.1949166277252799,0.2560577174927261,0.6437768240343348,0.06235991778372582,0.20349830354806533,0.3064394970201641,0.6566523605150214
QTLD10,price_position,basis_fit,0.9325136612021858,233,56900,0.043557157818868125,0.20006712346446093,0.21771272093390914,0.5879828326180258,0.05924232730730039,0.20022102974787037,0.2958846399996128,0.6523605150214592
QTLD20,price_position,basis_fit,0.9325136612021858,233,56900,0.05467695235616604,0.2051743793891112,0.26649015592961406,0.5708154506437768,0.076819513630143,0.20042230049423962,0.3832882540550965,0.6437768240343348
QTLD30,price_position,basis_fit,0.9325136612021858,233,56900,0.07317423018598512,0.2045844681567851,0.35767246089232646,0.6137339055793991,0.0931153791846111,0.1994128447575572,0.46694775001991085,0.6695278969957081
QTLD60,price_position,basis_fit,0.9325136612021858,233,56900,0.10269386005772908,0.20067470272923857,0.5117429285358869,0.6824034334763949,0.12470193389361983,0.20522471017396146,0.6076360579966934,0.703862660944206
RANK5,price_position,basis_fit,0.9325136612021858,233,56900,-0.053941337036106034,0.18024582151926127,-0.2992653953442233,0.37339055793991416,-0.0660232706596792,0.19067010229881243,-0.34626965561810796,0.33047210300429186
RANK10,price_position,basis_fit,0.9325136612021858,233,56900,-0.04768536231388809,0.1787424225089041,-0.26678256702889114,0.4206008583690987,-0.06177306329888189,0.19149651050054478,-0.3225806211163631,0.38626609442060084
RANK20,price_position,basis_fit,0.9325136612021858,233,56900,-0.0466763739938149,0.18211717153763146,-0.2562985884292081,0.4334763948497854,-0.06850328805607526,0.19428162274600363,-0.35259787872800424,0.3776824034334764
RANK30,price_position,basis_fit,0.9325136612021858,233,56900,-0.05199215480887414,0.18731342063957826,-0.27756769713215357,0.4248927038626609,-0.07815915790240695,0.19502724604213814,-0.40076019883662645,0.3776824034334764
RANK60,price_position,basis_fit,0.9325136612021858,233,56900,-0.06308448995148992,0.17813653578560323,-0.3541356054403991,0.3948497854077253,-0.08784735994742757,0.18751580051771746,-0.4684797745303991,0.3605150214592275
RSV5,price_position,basis_fit,0.9325136612021858,233,56900,-0.049580678753803537,0.18891460399209437,-0.26245021669091484,0.3905579399141631,-0.05662151072266418,0.20036853724063092,-0.28258683475173074,0.34334763948497854
RSV10,price_position,basis_fit,0.9325136612021858,233,56900,-0.04183546333692002,0.1899827074514806,-0.22020669090424622,0.4248927038626609,-0.05546213019516461,0.19896577322186393,-0.2787521154873184,0.3948497854077253
RSV20,price_position,basis_fit,0.9325136612021858,233,56900,-0.03390759594824156,0.2049389875286758,-0.16545214923293738,0.44635193133047213,-0.054418850205284745,0.21327050968342265,-0.25516350238044505,0.3948497854077253
RSV30,price_position,basis_fit,0.9325136612021858,233,56900,-0.05612121503037834,0.21531379696606198,-0.260648485239542,0.44635193133047213,-0.07568620172041489,0.22048385773667392,-0.34327321055316296,0.38626609442060084
RSV60,price_position,basis_fit,0.9325136612021858,233,56900,-0.06003317633891556,0.2039333075209193,-0.2943765148944952,0.4291845493562232,-0.0810930856639244,0.21788911254256463,-0.3721759417790224,0.41201716738197425
IMAX5,price_position,basis_fit,0.9325136612021858,233,56900,-0.030347320606444562,0.14417111169789337,-0.2104951557149434,0.4206008583690987,-0.040563328378779344,0.15191119203168246,-0.26702001239197365,0.3905579399141631
IMAX10,price_position,basis_fit,0.9325136612021858,233,56900,-0.01515282509658977,0.15182698429382213,-0.09980324095264494,0.4678111587982833,-0.02432721975388345,0.16352096042088,-0.1487712626642395,0.44635193133047213
IMAX20,price_position,basis_fit,0.9325136612021858,233,56900,-0.01690925511024999,0.14946119564906288,-0.1131347507078237,0.45493562231759654,-0.03141938828017789,0.15253561182387104,-0.2059806749682628,0.40772532188841204
IMAX30,price_position,basis_fit,0.9325136612021858,233,56900,-0.031144759387368624,0.14206561185354455,-0.21922799600142334,0.45493562231759654,-0.043624640898303896,0.14355465723040156,-0.30388871904230497,0.3948497854077253
IMAX60,price_position,basis_fit,0.9325136612021858,233,56900,-0.026340013220306217,0.12323517447441597,-0.2137377849517671,0.4592274678111588,-0.035454886098314764,0.13567603005675444,-0.2613201910719505,0.4206008583690987
IMIN5,price_position,basis_fit,0.9325136612021858,232,56900,0.025223471628395326,0.15599855876604254,0.16169041450071345,0.5603448275862069,0.028590718953291076,0.1650688273146479,0.173204834725048,0.5689655172413793
IMIN10,price_position,basis_fit,0.9325136612021858,233,56900,0.025740187853594013,0.15732661554181682,0.16360987468615804,0.5579399141630901,0.02542927212443154,0.17101370049216655,0.14869728010824695,0.575107296137339
IMIN20,price_position,basis_fit,0.9325136612021858,233,56900,0.019793840955223824,0.15530409488810948,0.12745215101690982,0.5150214592274678,0.018612059878152603,0.17759872787676728,0.10479838510480319,0.5021459227467812
IMIN30,price_position,basis_fit,0.9325136612021858,233,56900,0.052152140414967144,0.15380392802353007,0.33908197979825666,0.6137339055793991,0.06366799060459363,0.1821720828891456,0.3494936743042925,0.6394849785407726
IMIN60,price_position,basis_fit,0.9325136612021858,233,56900,0.02628062773220365,0.12793866329643439,0.20541583798879726,0.5493562231759657,0.026373619190334804,0.14444426604300387,0.18258681990521428,0.5708154506437768
IMXD5,price_position,basis_fit,0.9325136612021858,233,56900,-0.034446739509900896,0.16107665508746544,-0.21385308436654674,0.4248927038626609,-0.04029971252068728,0.16428028564917949,-0.2453107039681396,0.3905579399141631
IMXD10,price_position,basis_fit,0.9325136612021858,233,56900,-0.025327719929608274,0.1719155029936898,-0.14732656152911314,0.48068669527896996,-0.03690753559275087,0.18421736335737485,-0.20034775723693113,0.4291845493562232
IMXD20,price_position,basis_fit,0.9325136612021858,233,56900,-0.024469668093842312,0.171536898367741,-0.14264958925271115,0.4678111587982833,-0.03642351653397122,0.17689106881450808,-0.2059093021376095,0.4291845493562232
IMXD30,price_position,basis_fit,0.9325136612021858,233,56900,-0.0555108733437898,0.16575592993660632,-0.33489524848384034,0.41630901287553645,-0.06985330702243354,0.16765174133435692,-0.41665721135053,0.3648068669527897
IMXD60,price_position,basis_fit,0.9325136612021858,233,56900,-0.03543643944714958,0.1400454789773947,-0.25303522617013235,0.45064377682403434,-0.04392896051966797,0.14705952659372373,-0.29871550342351494,0.43776824034334766
CORR5,price_volume,basis_fit,0.9300136612021858,233,56802,-0.03743337514559736,0.137711278264275,-0.27182505033292037,0.3948497854077253,-0.0414137205146014,0.1442763658301895,-0.2870443837166272,0.37339055793991416
CORR10,price_volume,basis_fit,0.9312158469945355,233,56856,-0.028952159215093233,0.15160500366334873,-0.19097100039906245,0.40772532188841204,-0.032185527243842625,0.16158044730418858,-0.19919196772150718,0.4034334763948498
CORR20,price_volume,basis_fit,0.9316530054644808,233,56877,-0.024181212638493266,0.13972013949200957,-0.1730689128024823,0.4034334763948498,-0.030125149791628874,0.1556273507263928,-0.1935723357817204,0.4248927038626609
CORR30,price_volume,basis_fit,0.9319398907103825,233,56888,0.006818819040354949,0.14547629733329676,0.04687237141272945,0.5278969957081545,0.0013585167918419724,0.1625571973715863,0.008357161748652479,0.5064377682403434
CORR60,price_volume,basis_fit,0.9321857923497268,233,56895,-0.011250765131639051,0.16900814895512392,-0.06656936485723196,0.5064377682403434,-0.010339396777669551,0.17794033483310276,-0.058105975732636886,0.5150214592274678
CORD5,price_volume,basis_fit,0.9265437158469946,233,56659,-0.025997071893730225,0.12369705897809721,-0.2101672595007572,0.44635193133047213,-0.0366822962910444,0.12711747612808083,-0.2885700488112595,0.3948497854077253
CORD10,price_volume,basis_fit,0.9296174863387978,233,56782,-0.01969277887176926,0.134990986394601,-0.14588217626771025,0.48497854077253216,-0.028453882550273948,0.1418127634042277,-0.2006440172748632,0.4678111587982833
CORD20,price_volume,basis_fit,0.9307513661202186,233,56844,-0.02714305739347619,0.14448369919173534,-0.1878624200883473,0.5107296137339056,-0.03715413420384431,0.15408444561610438,-0.24112838940545914,0.45493562231759654
CORD30,price_volume,basis_fit,0.9312704918032787,233,56862,-0.04290704898748935,0.13867847853748638,-0.3093994788520202,0.3905579399141631,-0.05441253177139031,0.14179472414877303,-0.383741582051388,0.3605150214592275
CORD60,price_volume,basis_fit,0.9318169398907103,233,56885,-0.04338956943685771,0.12602176533532303,-0.34430218717699484,0.31759656652360513,-0.057842531864444546,0.1371804324831137,-0.42165293414980815,0.3090128755364807
CNTP5,trend_reversal,basis_fit,0.9325136612021858,233,56900,-0.01974902184310439,0.15191642282967474,-0.12999925534875545,0.45493562231759654,-0.033196735888949454,0.16444912216251048,-0.2018663003633675,0.4248927038626609
CNTP10,trend_reversal,basis_fit,0.9325136612021858,233,56900,-0.017618052037056898,0.157861064310776,-0.11160479700284298,0.48068669527896996,-0.0330610336582289,0.16537029333689796,-0.1999212373099916,0.4248927038626609
CNTP20,trend_reversal,basis_fit,0.9325136612021858,233,56900,-0.0059139163720719635,0.14950628886347586,-0.03955630506936303,0.5150214592274678,-0.025739191628808045,0.15834110926714032,-0.16255533226929061,0.4678111587982833
CNTP30,trend_reversal,basis_fit,0.9325136612021858,233,56900,-0.024481653224542113,0.13731115446458184,-0.1782932589854303,0.44635193133047213,-0.04334593564219292,0.14263401187224495,-0.30389621012004625,0.40772532188841204
CNTP60,trend_reversal,basis_fit,0.9325136612021858,233,56900,-0.007476571360767861,0.12647358753326818,-0.05911567392520743,0.48497854077253216,-0.021636863772742973,0.1432239562934738,-0.15107014449739012,0.45493562231759654
CNTN5,trend_reversal,basis_fit,0.9325136612021858,233,56900,0.021119123480653385,0.16602489843416524,0.12720455594211894,0.5493562231759657,0.03237246334063662,0.17795800580901666,0.18191068838666652,0.6051502145922747
CNTN10,trend_reversal,basis_fit,0.9325136612021858,233,56900,0.028839851226686884,0.15649940598274648,0.18428089899501843,0.5622317596566524,0.038858279233058624,0.1619177600281583,0.23998775196927735,0.5965665236051502
CNTN20,trend_reversal,basis_fit,0.9325136612021858,233,56900,0.021721023427294733,0.13661249631294325,0.15899733928832974,0.5708154506437768,0.032262159335647425,0.14516885237270907,0.22223885364070378,0.5708154506437768
CNTN30,trend_reversal,basis_fit,0.9325136612021858,233,56900,0.04320932124905597,0.13342960541926796,0.32383608655127083,0.6223175965665236,0.05147097570078885,0.14213665102184334,0.3621231774546234,0.630901287553648
CNTN60,trend_reversal,basis_fit,0.9325136612021858,233,56900,0.013463521367732203,0.12977595261022035,0.10374434629017626,0.5321888412017167,0.025178524279054537,0.14575159389547745,0.17274956387173893,0.5793991416309013
CNTD5,trend_reversal,basis_fit,0.9325136612021858,233,56900,-0.01931120233059891,0.16243933051344275,-0.11888255307110368,0.44635193133047213,-0.03180478448170344,0.172621759388977,-0.18424551223601057,0.41630901287553645
CNTD10,trend_reversal,basis_fit,0.9325136612021858,233,56900,-0.025287074847977764,0.1607450905135347,-0.15731164645335527,0.45493562231759654,-0.036904990900450525,0.16508936296226545,-0.2235455406590061,0.3948497854077253
CNTD20,trend_reversal,basis_fit,0.9325136612021858,233,56900,-0.015958168645069763,0.15403183013097932,-0.1036030580919535,0.4978540772532189,-0.03068702321378793,0.15855294194060124,-0.19354433186918868,0.4291845493562232
CNTD30,trend_reversal,basis_fit,0.9325136612021858,233,56900,-0.04272209639123877,0.1508784260317848,-0.2831557666318624,0.41630901287553645,-0.050436587088498325,0.15044236904463335,-0.3352552037620118,0.39914163090128757
CNTD60,trend_reversal,basis_fit,0.9325136612021858,233,56900,-0.015357479652683614,0.15032276018250582,-0.10216336923322991,0.4678111587982833,-0.025656613709376493,0.15676420747887745,-0.1636637222360435,0.44206008583690987
SUMP5,trend_reversal,basis_fit,0.9300136612021858,233,56802,-0.03508136531792855,0.1872984474881423,-0.1873019546526114,0.4248927038626609,-0.049299914071932086,0.1999080173077061,-0.2466129909939918,0.40772532188841204
SUMP10,trend_reversal,basis_fit,0.9312158469945355,233,56856,-0.038456128287215514,0.20645096722730674,-0.18627245395694625,0.45064377682403434,-0.05558779831010591,0.21873556917444198,-0.25413241440295675,0.4248927038626609
SUMP20,trend_reversal,basis_fit,0.9316530054644808,233,56877,-0.03657270143852156,0.20575702125934184,-0.17774703975921344,0.47639484978540775,-0.06194553794332357,0.2170974498148621,-0.2853351708928406,0.4291845493562232
SUMP30,trend_reversal,basis_fit,0.9319398907103825,233,56888,-0.0836849723155723,0.19178859849676225,-0.436339662375629,0.3562231759656652,-0.11362851253016129,0.2026725893906053,-0.5606506181808739,0.2832618025751073
SUMP60,trend_reversal,basis_fit,0.9321857923497268,233,56895,-0.05772499299618117,0.18141934983050872,-0.31818542537006567,0.4034334763948498,-0.09232260455943522,0.20394826875562158,-0.4526765788341141,0.3605150214592275
SUMN5,trend_reversal,basis_fit,0.9300136612021858,233,56802,0.03513446167048943,0.18734823273097612,0.1875355916537573,0.575107296137339,0.049366581526056885,0.19996479547851967,0.246876363451485,0.592274678111588
SUMN10,trend_reversal,basis_fit,0.9312158469945355,233,56856,0.03845612807149314,0.20645096774839436,0.1862724524418812,0.5493562231759657,0.0555878701545697,0.21873618487468086,0.2541320275217258,0.575107296137339
SUMN20,trend_reversal,basis_fit,0.9316530054644808,233,56877,0.03657269908706095,0.20575702064545878,0.1777470288611906,0.5236051502145923,0.061944836956126195,0.21709923701387043,0.2853295930845144,0.5708154506437768
SUMN30,trend_reversal,basis_fit,0.9319398907103825,233,56888,0.08368497339866031,0.1917885999744761,0.43633966466097257,0.6437768240343348,0.11362931035528241,0.20267208626803518,0.5606559464977673,0.7167381974248928
SUMN60,trend_reversal,basis_fit,0.9321857923497268,233,56895,0.05772499685625337,0.18141934790678144,0.3181854500210978,0.5965665236051502,0.09232222623226764,0.20394811582010305,0.4526750632680642,0.6394849785407726
SUMD5,trend_reversal,basis_fit,0.9300136612021858,233,56802,-0.03513578239593579,0.18734951492284535,-0.1875413577153134,0.4248927038626609,-0.04936441029643588,0.19996377099141888,-0.24686677017385453,0.40772532188841204
SUMD10,trend_reversal,basis_fit,0.9312158469945355,233,56856,-0.038456127703553715,0.2064509676499809,-0.1862724507484636,0.45064377682403434,-0.05558906651219263,0.21873515287563,-0.2541386959589429,0.4248927038626609
SUMD20,trend_reversal,basis_fit,0.9316530054644808,233,56877,-0.0365727004107794,0.20575702101412183,-0.17774703497612016,0.47639484978540775,-0.061945436674213726,0.21709811424923137,-0.28533383115018485,0.4291845493562232
SUMD30,trend_reversal,basis_fit,0.9319398907103825,233,56888,-0.08368497259828714,0.19178859871974077,-0.436339663342425,0.3562231759656652,-0.11362898890824454,0.2026724806846749,-0.5606532693751974,0.2832618025751073
SUMD60,trend_reversal,basis_fit,0.9321857923497268,233,56895,-0.05772499393417705,0.18141934912566274,-0.3181854317765907,0.4034334763948498,-0.09232132973673654,0.20394967696153385,-0.4526672025773736,0.3605150214592275
VMA5,volume_dynamics,basis_fit,0.9325136612021858,233,56900,0.017465630559977404,0.15752072506097067,0.11087830222478394,0.5321888412017167,0.014824029753801784,0.170594706373113,0.08689618845135609,0.5493562231759657
VMA10,volume_dynamics,basis_fit,0.9325136612021858,233,56900,0.018795828357310678,0.16454958494254654,0.11422592383853993,0.5708154506437768,0.01859948845739156,0.17526932177715357,0.10611947526698315,0.5407725321888412
VMA20,volume_dynamics,basis_fit,0.9325136612021858,233,56900,0.011361491097341999,0.163930674518174,0.0693066818076346,0.5407725321888412,0.015023623448907788,0.1747038940405948,0.08599478295210092,0.5493562231759657
VMA30,volume_dynamics,basis_fit,0.9325136612021858,233,56900,0.007019643679753713,0.16938892059003657,0.041440984778119,0.49356223175965663,0.013715168799063275,0.17909514300204646,0.07658035036107348,0.5321888412017167
VMA60,volume_dynamics,basis_fit,0.9325136612021858,233,56900,0.01712010702273291,0.17377081753119192,0.09852118592731972,0.5107296137339056,0.033213416670221194,0.18548820945023073,0.1790594494855634,0.5622317596566524
VSTD5,volume_dynamics,basis_fit,0.9325,233,56900,-0.027878522692413556,0.11125727359008962,-0.2505770795276514,0.39914163090128757,-0.03137427162624037,0.12442569993445889,-0.2521526633385766,0.43776824034334766
VSTD10,volume_dynamics,basis_fit,0.9325,233,56900,-0.01637884869523205,0.138165776117193,-0.11854490421230955,0.463519313304721,-0.025428192457130086,0.1555718908459196,-0.1634497872261159,0.48068669527896996
VSTD20,volume_dynamics,basis_fit,0.9325,233,56900,-0.01570901582255632,0.1465340161760843,-0.10720388502611844,0.49356223175965663,-0.019224678115496472,0.16041598569709997,-0.11984265802410002,0.5021459227467812
VSTD30,volume_dynamics,basis_fit,0.9325,233,56900,-0.01247799604999647,0.16037009203782068,-0.0778075007093825,0.49356223175965663,-0.009008143966909821,0.1727269120298446,-0.0521525213474166,0.4978540772532189
VSTD60,volume_dynamics,basis_fit,0.9325,233,56900,-0.0014756837970674348,0.17532218441907885,-0.008416982722163987,0.4721030042918455,0.010655601020722232,0.1887175898659985,0.05646321060102764,0.5236051502145923
WVMA5,price_volume,basis_fit,0.9266120218579235,233,56660,-0.03629929731178528,0.1287124309668967,-0.28201858234750476,0.351931330472103,-0.038588334909077406,0.1305411879132863,-0.29560275592643,0.33905579399141633
WVMA10,price_volume,basis_fit,0.9296448087431693,233,56783,-0.04336665844480185,0.14953283579409857,-0.2900142849194421,0.3776824034334764,-0.04389654717913964,0.15665346899257468,-0.2802143320632135,0.3948497854077253
WVMA20,price_volume,basis_fit,0.9307650273224044,233,56844,-0.04463549752992426,0.1747727950873952,-0.2553915642740866,0.4034334763948498,-0.049702225443842625,0.18301139323000157,-0.27157995230044946,0.4034334763948498
WVMA30,price_volume,basis_fit,0.9312841530054645,233,56862,-0.04347593951747836,0.19170328062139855,-0.226787665691233,0.38626609442060084,-0.04892502114099547,0.2022144612941761,-0.2419462031937502,0.3905579399141631
WVMA60,price_volume,basis_fit,0.9318306010928962,233,56885,-0.04406401297016771,0.19815110465223215,-0.22237581288029087,0.4034334763948498,-0.04011519996044576,0.21135280768953227,-0.18980206792129858,0.4248927038626609
VSUMP5,volume_dynamics,basis_fit,0.9325,233,56900,-0.012852221036252134,0.1450910841425738,-0.08858036392934314,0.4248927038626609,-0.01534772640512487,0.15538244928032066,-0.09877387360162224,0.44206008583690987
VSUMP10,volume_dynamics,basis_fit,0.9325,233,56900,-0.026036772063945033,0.14130612848227456,-0.184257911129531,0.4248927038626609,-0.02537206185428598,0.154411417207152,-0.16431467512695558,0.4248927038626609
VSUMP20,volume_dynamics,basis_fit,0.9325,233,56900,-0.00903799049527086,0.1371725311742573,-0.06588775768662779,0.5064377682403434,-0.01424506443348237,0.15054874029118898,-0.09462094738175685,0.5064377682403434
VSUMP30,volume_dynamics,basis_fit,0.9325,233,56900,-0.0413896499275748,0.14755947832559557,-0.2804946886315698,0.3605150214592275,-0.04073784519402215,0.15731930843781247,-0.25895006530699066,0.4206008583690987
VSUMP60,volume_dynamics,basis_fit,0.9325,233,56900,-0.02078977574596145,0.14549241048453748,-0.14289251017784826,0.4592274678111588,-0.02583086822811251,0.165117892492539,-0.15643894091780333,0.4291845493562232
VSUMN5,volume_dynamics,basis_fit,0.9325,233,56900,0.012852220282947543,0.14509108406854865,0.08858035878259397,0.575107296137339,0.01534772640512487,0.15538244928032066,0.09877387360162224,0.5579399141630901
VSUMN10,volume_dynamics,basis_fit,0.9325,233,56900,0.026036772795910164,0.14130612654564909,0.184257918834814,0.575107296137339,0.02537206185428598,0.154411417207152,0.16431467512695558,0.575107296137339
VSUMN20,volume_dynamics,basis_fit,0.9325,233,56900,0.009037987727134864,0.13717253029428159,0.06588773792934573,0.49356223175965663,0.014244965776933965,0.1505487185150063,0.09462030575513708,0.49356223175965663
VSUMN30,volume_dynamics,basis_fit,0.9325,233,56900,0.04138964893929764,0.14755947987578025,0.2804946789873522,0.6394849785407726,0.04073782176985465,0.15731931590857842,0.25894990411430635,0.5793991416309013
VSUMN60,volume_dynamics,basis_fit,0.9325,233,56900,0.020789776777150347,0.14549241072174265,0.14289251703246048,0.5407725321888412,0.025830908885606234,0.16511788228023347,0.15643919682646326,0.5708154506437768
VSUMD5,volume_dynamics,basis_fit,0.9325,233,56900,-0.01285222072829716,0.14509108364486611,-0.08858036211070729,0.4248927038626609,-0.01534772640512487,0.15538244928032066,-0.09877387360162224,0.44206008583690987
VSUMD10,volume_dynamics,basis_fit,0.9325,233,56900,-0.0260367724220423,0.1413061284045341,-0.1842579137650965,0.4248927038626609,-0.02537206185428598,0.154411417207152,-0.16431467512695558,0.4248927038626609
VSUMD20,volume_dynamics,basis_fit,0.9325,233,56900,-0.009037989201533684,0.13717253023216242,-0.0658877487076824,0.5064377682403434,-0.014244776618087993,0.15054846869532434,-0.09461920630302897,0.5064377682403434
VSUMD30,volume_dynamics,basis_fit,0.9325,233,56900,-0.04138964980340298,0.14755948032034916,-0.2804946839982544,0.3605150214592275,-0.040737698882399,0.15731921728372622,-0.2589492853179424,0.4206008583690987
VSUMD60,volume_dynamics,basis_fit,0.9325,233,56900,-0.020789776667651805,0.14549240763769605,-0.14289251930878982,0.4592274678111588,-0.025830757389249687,0.1651175436945634,-0.15643860011042654,0.4291845493562232
KMID,candlestick,diagnostic,0.9559153005464481,238,66164,-0.02215933532375899,0.16224814922030625,-0.1365768141593422,0.453781512605042,-0.021244646372730287,0.168210897894834,-0.12629768129537308,0.4579831932773109
KLEN,candlestick,diagnostic,0.9559153005464481,238,66164,-0.02280388541156318,0.16900749478207575,-0.1349282494304014,0.46218487394957986,-0.04991283145399402,0.19155708523213247,-0.2605637447109237,0.3949579831932773
KMID2,candlestick,diagnostic,0.9559153005464481,238,66164,-0.00924796215543255,0.13504949984702835,-0.06847831473576571,0.46638655462184875,-0.013897203047508954,0.14278144254481662,-0.09733199777097687,0.47058823529411764
KUP,candlestick,diagnostic,0.9559153005464481,238,66164,-0.019870785086731235,0.14518604406091265,-0.13686429171108533,0.4495798319327731,-0.03315281401339188,0.14989196650172654,-0.22117805768469925,0.3865546218487395
KUP2,candlestick,diagnostic,0.9559153005464481,238,66164,-0.008407955454800975,0.10836586732945866,-0.07758859557907417,0.4831932773109244,-0.011729506163484822,0.11402637528669712,-0.10286660550239593,0.4789915966386555
KLOW,candlestick,diagnostic,0.9559153005464481,238,66164,-0.02953818368406554,0.12491480278374643,-0.2364666398681531,0.38235294117647056,-0.04177027359207805,0.12779162313143827,-0.32686237617559505,0.3487394957983193
KLOW2,candlestick,diagnostic,0.9559153005464481,238,66164,-0.01263931873925338,0.09955152891611077,-0.12696257784151335,0.4369747899159664,-0.006627663264294997,0.10617568403926463,-0.06242166767528461,0.47058823529411764
KSFT,candlestick,diagnostic,0.9559153005464481,238,66164,-0.020923416675311435,0.15140990839551008,-0.13819053783888227,0.42436974789915966,-0.016281208280246887,0.1583896007917518,-0.10279215427566592,0.46638655462184875
KSFT2,candlestick,diagnostic,0.9559153005464481,238,66164,-0.012069313443329557,0.12218324780743041,-0.09878042743103099,0.4327731092436975,-0.010777494806546927,0.13085955106038966,-0.082359252490277,0.4831932773109244
OPEN0,intraday_price_ratio,diagnostic,0.9559153005464481,238,66164,0.0211171933582064,0.1626295271739581,0.12984845818077187,0.5336134453781513,0.021244827787644437,0.16821090924828583,0.1262987512675902,0.542016806722689
HIGH0,intraday_price_ratio,diagnostic,0.9559153005464481,238,66164,-0.0050670704165937976,0.15460397200284914,-0.032774516404406595,0.5084033613445378,-0.01934813931360718,0.17025305030585977,-0.1136434224165043,0.41596638655462187
LOW0,intraday_price_ratio,diagnostic,0.9559153005464481,238,66164,0.03107722485647103,0.1559948641680559,0.19921953855475016,0.5672268907563025,0.04381895620931677,0.16303159992736801,0.26877584608651633,0.634453781512605
VWAP0,intraday_price_ratio,diagnostic,0.9559153005464481,238,66164,0.025117749858283495,0.14484270464759008,0.1734139798024091,0.5840336134453782,0.022540971202013378,0.15326998281498155,0.14706709551356514,0.542016806722689
ROC5,trend_reversal,diagnostic,0.9481693989071038,238,65655,0.05918387187153063,0.1756648464333596,0.33691357760633506,0.6176470588235294,0.06184721348977583,0.17893396170571066,0.34564267677421007,0.6260504201680672
ROC10,trend_reversal,diagnostic,0.9434972677595629,238,65340,0.06100042198566621,0.20130723609607867,0.3030215066712868,0.6092436974789915,0.0673563453997403,0.20798180605884073,0.32385691169872965,0.634453781512605
ROC20,trend_reversal,diagnostic,0.9376639344262295,238,64950,0.0638692618591719,0.19958701272365664,0.32000710360650436,0.6218487394957983,0.07587041799703863,0.1985407656021939,0.3821402509802765,0.6428571428571429
ROC30,trend_reversal,diagnostic,0.9331420765027323,238,64647,0.062100439879621064,0.19766697843663128,0.3141669912232175,0.6470588235294118,0.07223644528101734,0.1953209851926626,0.3698345326784219,0.6596638655462185
ROC60,trend_reversal,diagnostic,0.9213661202185792,238,63877,0.043571452244225525,0.18691202226128673,0.23311209047493173,0.5966386554621849,0.05189682479876702,0.18247309749053414,0.28440808816466323,0.6428571428571429
MA5,trend_reversal,diagnostic,0.9559153005464481,238,66164,0.05118601299457602,0.16606745951539692,0.3082242189044285,0.6092436974789915,0.05623307249248262,0.1678000944243842,0.3351194329501581,0.6302521008403361
MA10,trend_reversal,diagnostic,0.9559153005464481,238,66164,0.06136700155217422,0.1808183379550596,0.3393848336744822,0.6092436974789915,0.0656950521123663,0.18468661701729763,0.3557109506543906,0.6386554621848739
MA20,trend_reversal,diagnostic,0.9559153005464481,238,66164,0.06590277949639908,0.2064982948990605,0.3191444245513667,0.592436974789916,0.07498134055026995,0.20691285805441814,0.36238125196912524,0.6596638655462185
MA30,trend_reversal,diagnostic,0.9559153005464481,238,66164,0.07283671106118085,0.20572350588863758,0.3540514767457292,0.6260504201680672,0.08275334955082887,0.20420712651039574,0.40524222129248794,0.6764705882352942
MA60,trend_reversal,diagnostic,0.9559153005464481,238,66164,0.06134759787530597,0.20648632221750807,0.2971024773770913,0.6050420168067226,0.071632674014654,0.20248021010984757,0.35377617385813925,0.6428571428571429
STD5,volatility,diagnostic,0.9545628415300547,238,66080,-0.017093535644908085,0.16976982236402918,-0.1006865378480237,0.5084033613445378,-0.035416241242751244,0.18453292619129433,-0.1919236960781586,0.3949579831932773
STD10,volatility,diagnostic,0.955068306010929,238,66112,-0.015365282348919027,0.18025153532641927,-0.08524355879185098,0.46638655462184875,-0.03610663959763284,0.19959530300921186,-0.18089924488837508,0.4117647058823529
STD20,volatility,diagnostic,0.9553825136612022,238,66134,-0.009250873858732928,0.20576134396623713,-0.044959241033392945,0.4495798319327731,-0.03990172894147076,0.22899552558551994,-0.17424676241793724,0.38235294117647056
STD30,volatility,diagnostic,0.9555191256830601,238,66143,-0.015255721730230837,0.19853769915549685,-0.07684042776320478,0.44537815126050423,-0.04853860920870194,0.22059973468019806,-0.22003022478276338,0.36134453781512604
STD60,volatility,diagnostic,0.9556010928961749,238,66149,-0.0007653790379019447,0.22422597647799306,-0.003413427159172451,0.48739495798319327,-0.040605536482959156,0.24704584491174691,-0.16436437737888213,0.3949579831932773
BETA5,trend_reversal,diagnostic,0.9545628415300547,238,66080,-0.05601756823635037,0.16661232613837595,-0.3362150300322096,0.36134453781512604,-0.06313540833346329,0.1720650850847531,-0.3669274815536519,0.3403361344537815
BETA10,trend_reversal,diagnostic,0.955068306010929,238,66112,-0.04692384038669692,0.18365330015692874,-0.2555022988783826,0.4117647058823529,-0.057490774060878574,0.19119178513326732,-0.3006968841302753,0.37815126050420167
BETA20,trend_reversal,diagnostic,0.9553825136612022,238,66134,-0.04194602998019972,0.18850158873609787,-0.2225234824886497,0.42436974789915966,-0.06475803640540474,0.1930546333869301,-0.3354389131682394,0.3487394957983193
BETA30,trend_reversal,diagnostic,0.9555191256830601,238,66143,-0.04365025807190684,0.17607731952017827,-0.2479039219296189,0.39915966386554624,-0.06368180619925036,0.18308731097042236,-0.3478220629366178,0.3865546218487395
BETA60,trend_reversal,diagnostic,0.9556010928961749,238,66149,-0.01532029348091972,0.1722327382750265,-0.08895111135291717,0.5210084033613446,-0.030587151350661392,0.18093761324366858,-0.16904805364857828,0.42436974789915966
RSQR5,trend_reversal,diagnostic,0.9545081967213115,238,66076,0.0021582074251181686,0.12121866484826535,0.017804250094815764,0.4831932773109244,0.0012146747389217096,0.12364922324771783,0.009823553331089191,0.4831932773109244
RSQR10,trend_reversal,diagnostic,0.955068306010929,238,66112,-0.009858681360266752,0.12660263743671304,-0.07787105829604042,0.47478991596638653,-0.001686181320629025,0.1386140647611975,-0.012164575965173204,0.5042016806722689
RSQR20,trend_reversal,diagnostic,0.9553825136612022,238,66134,0.007308742991311767,0.12284454896377503,0.059495867362148916,0.48739495798319327,0.005298488610539225,0.12102526209264242,0.04378002178159579,0.48739495798319327
RSQR30,trend_reversal,diagnostic,0.9555191256830601,238,66143,-0.016788997194464892,0.12765650837361156,-0.13151697009704066,0.4579831932773109,-0.02425712557599985,0.13159263688717446,-0.18433497610354554,0.41596638655462187
RSQR60,trend_reversal,diagnostic,0.9556010928961749,238,66149,0.007409878910947229,0.13839129406918332,0.05354295557958255,0.48739495798319327,0.0068214144968841055,0.1427341162506473,0.04779105848040847,0.47478991596638653
RESI5,trend_reversal,diagnostic,0.9545628415300547,238,66080,0.006499147747052575,0.1591186116320993,0.040844673545036694,0.5,-0.00010830259368270164,0.17121518222933535,-0.00063255251241467,0.5042016806722689
RESI10,trend_reversal,diagnostic,0.955068306010929,238,66112,-0.020397887692919416,0.1583999379294625,-0.12877459397744748,0.46218487394957986,-0.022981711433658035,0.16424179159370444,-0.13992608830345313,0.46638655462184875
RESI20,trend_reversal,diagnostic,0.9553825136612022,238,66134,-0.0366212463347128,0.16664109515479228,-0.21976119576443892,0.41596638655462187,-0.032496565986541326,0.165033159325435,-0.1969093127670188,0.4117647058823529
RESI30,trend_reversal,diagnostic,0.9555191256830601,238,66143,-0.03031137046124982,0.17350826782544732,-0.17469698038680007,0.4327731092436975,-0.03379535165395613,0.17865301145875567,-0.18916754538872252,0.42436974789915966
RESI60,trend_reversal,diagnostic,0.9556010928961749,238,66149,-0.0509610240450755,0.17799196713203042,-0.28631080866291997,0.39915966386554624,-0.05479251392179708,0.18276500187833664,-0.2997976273284065,0.3697478991596639
MAX5,price_position,diagnostic,0.9559153005464481,238,66164,0.00930196683884771,0.16615480015914091,0.055983738236502385,0.49159663865546216,-4.4026543582154076e-05,0.18623372673153882,-0.00023640478207054077,0.47478991596638653
MAX10,price_position,diagnostic,0.9559153005464481,238,66164,0.008236057606535726,0.18016231038986763,0.04571465357384162,0.4957983193277311,0.00011752397334751823,0.20224477072375938,0.000581097711090098,0.4579831932773109
MAX20,price_position,diagnostic,0.9559153005464481,238,66164,0.01660979020941164,0.20050088142918832,0.08284148224693857,0.4831932773109244,0.004962025041031717,0.2195192442952266,0.02260405486071371,0.46218487394957986
MAX30,price_position,diagnostic,0.9559153005464481,238,66164,0.018384283295519645,0.1972599357282532,0.09319826262564525,0.5210084033613446,0.006505408275284228,0.215459066705662,0.030193244474465527,0.4957983193277311
MAX60,price_position,diagnostic,0.9559153005464481,238,66164,0.013669858981221718,0.2156390182246861,0.06339232618365172,0.5042016806722689,0.003085439678853591,0.23667473084071822,0.013036624855950878,0.47478991596638653
MIN5,price_position,diagnostic,0.9559153005464481,238,66164,0.05192406360160637,0.1671639245711357,0.31061763915162427,0.6302521008403361,0.061456411663824796,0.17176767195700343,0.3577879991248205,0.6428571428571429
MIN10,price_position,diagnostic,0.9559153005464481,238,66164,0.05586735319534793,0.1807374681599395,0.3091077559297743,0.6134453781512605,0.06358791315405035,0.18253935389717005,0.3483518035780457,0.6470588235294118
MIN20,price_position,diagnostic,0.9559153005464481,238,66164,0.06668192068264145,0.18174945833460937,0.3668892402412384,0.6428571428571429,0.08365925146328006,0.18268475935039322,0.4579432447499348,0.6974789915966386
MIN30,price_position,diagnostic,0.9559153005464481,238,66164,0.06901344182123402,0.17983647786049006,0.38375663626359435,0.6428571428571429,0.0873477840395432,0.17946004721543798,0.4867255157616449,0.7058823529411765
MIN60,price_position,diagnostic,0.9559153005464481,238,66164,0.0576277396053434,0.1773826175993717,0.32487816667300956,0.6260504201680672,0.08293242860696191,0.17625004218691726,0.4705384893979779,0.6932773109243697
QTLU5,price_position,diagnostic,0.9559153005464481,238,66164,0.03393641979699334,0.1609262027600462,0.21088187762433722,0.592436974789916,0.03385552629219084,0.16909488438346848,0.20021614737566074,0.5756302521008403
QTLU10,price_position,diagnostic,0.9559153005464481,238,66164,0.046513755248954826,0.16842615055222773,0.2761670625164068,0.6218487394957983,0.04810733014515664,0.18003923358951057,0.26720470414155034,0.5882352941176471
QTLU20,price_position,diagnostic,0.9559153005464481,238,66164,0.05861203320924794,0.1976441765851658,0.29655330211053166,0.6134453781512605,0.0602381075346574,0.20393907064185818,0.29537306091015214,0.6386554621848739
QTLU30,price_position,diagnostic,0.9559153005464481,238,66164,0.06209599049081052,0.20164618631147518,0.30794527596417426,0.6092436974789915,0.06432284044282106,0.2066855106922643,0.3112111740556011,0.6512605042016807
QTLU60,price_position,diagnostic,0.9559153005464481,238,66164,0.04723693475085674,0.21723206357935762,0.2174491830189722,0.5672268907563025,0.04759505929362103,0.2215174508949155,0.21485918649451866,0.6092436974789915
QTLD5,price_position,diagnostic,0.9559153005464481,238,66164,0.05493613020588253,0.1636326966545509,0.33572831915041756,0.6260504201680672,0.05931956832627603,0.15935423912088242,0.37224970388944334,0.6428571428571429
QTLD10,price_position,diagnostic,0.9559153005464481,238,66164,0.06442529112983514,0.18162449703890876,0.3547169692425,0.6092436974789915,0.06942304049047293,0.1781238635125838,0.3897458718975543,0.6638655462184874
QTLD20,price_position,diagnostic,0.9559153005464481,238,66164,0.06849047792061268,0.1936078829804441,0.3537587254519525,0.6176470588235294,0.08290985046387532,0.18926716395406334,0.43805723471398456,0.6638655462184874
QTLD30,price_position,diagnostic,0.9559153005464481,238,66164,0.07517907712662972,0.18881369712896562,0.39816537819965503,0.6218487394957983,0.09175906357972834,0.1840576691999908,0.4985343125258533,0.6596638655462185
QTLD60,price_position,diagnostic,0.9559153005464481,238,66164,0.06284835266306396,0.18410925784336293,0.341364434354161,0.6134453781512605,0.08185360064233069,0.1770879688686995,0.46221999814691195,0.6722689075630253
RANK5,price_position,diagnostic,0.9559153005464481,238,66164,-0.029226468833849644,0.13547404911182548,-0.2157348143460671,0.39915966386554624,-0.035661719727661696,0.13981982272041094,-0.2550548200806422,0.3907563025210084
RANK10,price_position,diagnostic,0.9559153005464481,238,66164,-0.03992809659992648,0.1527836382721835,-0.2613375165788022,0.3949579831932773,-0.041465063548579505,0.1565223235388101,-0.26491469466525097,0.3907563025210084
RANK20,price_position,diagnostic,0.9559153005464481,238,66164,-0.03812925809283426,0.17315962810062732,-0.2201971586048707,0.41596638655462187,-0.05009648513959611,0.16899891154346916,-0.29643081533522486,0.3865546218487395
RANK30,price_position,diagnostic,0.9559153005464481,238,66164,-0.0417030753831081,0.17608326393592175,-0.23683724648745844,0.4117647058823529,-0.05447388433593553,0.1713885111388381,-0.3178385994135127,0.35294117647058826
RANK60,price_position,diagnostic,0.9559153005464481,238,66164,-0.03256613984948987,0.17600341053634083,-0.18503129996316564,0.4411764705882353,-0.045902418383855684,0.17443009582778127,-0.2631565279260992,0.3739495798319328
RSV5,price_position,diagnostic,0.9559153005464481,238,66164,-0.0288716287101887,0.13343287257040917,-0.21637568129962778,0.40756302521008403,-0.028270632374302586,0.13947641093172733,-0.20269113741491995,0.42857142857142855
RSV10,price_position,diagnostic,0.9559153005464481,238,66164,-0.02808154523232961,0.15598769384461122,-0.1800241066471778,0.42857142857142855,-0.029114995891760285,0.1602689725882619,-0.18166333396644405,0.4369747899159664
RSV20,price_position,diagnostic,0.9559153005464481,238,66164,-0.03317124364360386,0.17296979978373103,-0.19177477042280672,0.4369747899159664,-0.04306065646673963,0.16956691394484208,-0.2539449204149974,0.3907563025210084
RSV30,price_position,diagnostic,0.9559153005464481,238,66164,-0.03503116034910051,0.171990049494693,-0.20368132023929356,0.4369747899159664,-0.04743999556757731,0.16816068667111195,-0.28211109568290643,0.36554621848739494
RSV60,price_position,diagnostic,0.9559153005464481,238,66164,-0.029367346334021025,0.1767373763325481,-0.1661637563226218,0.453781512605042,-0.040222246230441405,0.17396234921012194,-0.23121236527944686,0.40756302521008403
IMAX5,price_position,diagnostic,0.9559153005464481,238,66164,-0.01872479611932402,0.12070602312486957,-0.15512727231476547,0.4117647058823529,-0.023509742229962566,0.12168266286012928,-0.19320535627155314,0.41596638655462187
IMAX10,price_position,diagnostic,0.9559153005464481,238,66164,-0.014386797723081757,0.13432353535825256,-0.10710556184149647,0.47058823529411764,-0.02171612150069014,0.1266012235642891,-0.17153168736684857,0.42436974789915966
IMAX20,price_position,diagnostic,0.9559153005464481,238,66164,-0.02143877475576118,0.1341003844198801,-0.15987109096297958,0.41596638655462187,-0.02955917876339093,0.1260995330150255,-0.234411484774244,0.40336134453781514
IMAX30,price_position,diagnostic,0.9559153005464481,238,66164,-0.022723481616560702,0.13452505669666123,-0.16891635041492367,0.44537815126050423,-0.02633274890337592,0.13596471930431211,-0.193673395849395,0.42436974789915966
IMAX60,price_position,diagnostic,0.9559153005464481,238,66164,0.001084418227032214,0.1097640901254875,0.009879535518332596,0.5042016806722689,0.0012432726445078522,0.10597468285037993,0.011731789245013955,0.47058823529411764
IMIN5,price_position,diagnostic,0.9559153005464481,238,66164,0.0353122818879109,0.12050348305825727,0.29303951215119,0.6050420168067226,0.039334444790163445,0.12344911499453341,0.3186288114896997,0.6134453781512605
IMIN10,price_position,diagnostic,0.9559153005464481,238,66164,0.0360206290026013,0.12865778839595227,0.2799723938339869,0.6176470588235294,0.043427066475112144,0.1416492234947729,0.30658174752870904,0.6008403361344538
IMIN20,price_position,diagnostic,0.9559153005464481,238,66164,0.03915637511981866,0.1132776092108926,0.34566738645516404,0.634453781512605,0.05844644996748964,0.12286195445779098,0.47570828760964257,0.6932773109243697
IMIN30,price_position,diagnostic,0.9559153005464481,238,66164,0.02754283520009644,0.10940610705196557,0.25174860839362634,0.5882352941176471,0.03824414397958001,0.11377740040222348,0.33613128656815955,0.6218487394957983
IMIN60,price_position,diagnostic,0.9559153005464481,238,66164,0.009020821238520596,0.09483891451182329,0.09511729741904623,0.5294117647058824,0.0193647814823279,0.10219440597771416,0.18948964277507357,0.5588235294117647
IMXD5,price_position,diagnostic,0.9559153005464481,238,66164,-0.031105016572308023,0.13068420298486716,-0.23801665283071657,0.4327731092436975,-0.03187333171585707,0.12930959478204315,-0.24648852832290546,0.42857142857142855
IMXD10,price_position,diagnostic,0.9559153005464481,238,66164,-0.029611857923336593,0.14922120320692678,-0.1984426963926399,0.4411764705882353,-0.037873105758643826,0.1448372324009517,-0.2614873615770289,0.39915966386554624
IMXD20,price_position,diagnostic,0.9559153005464481,238,66164,-0.03719618892673008,0.13919207372253947,-0.2672292173825619,0.3949579831932773,-0.0492030916745627,0.13691835183920692,-0.35936082353916615,0.3487394957983193
IMXD30,price_position,diagnostic,0.9559153005464481,238,66164,-0.03382263693162007,0.13694472618142536,-0.2469802078161929,0.4369747899159664,-0.0438280636561672,0.13778018766630407,-0.31810134968255616,0.37815126050420167
IMXD60,price_position,diagnostic,0.9559153005464481,238,66164,-0.004804668890055546,0.11328978756159486,-0.04241043251531637,0.42857142857142855,-0.008621400112267159,0.11811797599532864,-0.07298973792615715,0.42857142857142855
CORR5,price_volume,diagnostic,0.9545081967213115,238,66076,-0.02604719090496691,0.11944236040474837,-0.21807331014476014,0.4369747899159664,-0.043161669413169575,0.12686431760794017,-0.34021914299461126,0.3739495798319328
CORR10,price_volume,diagnostic,0.955068306010929,238,66112,-0.02839207084261478,0.13185221203470263,-0.21533253333013613,0.42857142857142855,-0.04829162779518261,0.1339947989293429,-0.3603992705765197,0.35294117647058826
CORR20,price_volume,diagnostic,0.9553825136612022,238,66134,-0.01129116055466806,0.12950830597127683,-0.0871848370649855,0.46218487394957986,-0.03149023252780234,0.1404776628241914,-0.22416540747273497,0.4369747899159664
CORR30,price_volume,diagnostic,0.9555191256830601,238,66143,-0.011373983448526826,0.1355984632900807,-0.08387988456915539,0.4579831932773109,-0.032369067032807855,0.1490337945774196,-0.21719279928817,0.41596638655462187
CORR60,price_volume,diagnostic,0.9556010928961749,238,66149,-0.020007826123385843,0.11324523243331427,-0.1766769840414048,0.4369747899159664,-0.03938266294393011,0.1257861649071819,-0.3130921669564434,0.39915966386554624
CORD5,price_volume,diagnostic,0.9530464480874317,238,65977,-0.03378351288606813,0.12131827910434545,-0.2784700964725278,0.37815126050420167,-0.04946065097620881,0.12760160046080551,-0.38761779474232605,0.3487394957983193
CORD10,price_volume,diagnostic,0.9541256830601093,238,66046,-0.036299844848120245,0.1381416331387153,-0.26277266326849963,0.42436974789915966,-0.06079363259597649,0.14324632298764772,-0.4243992538727768,0.33613445378151263
CORD20,price_volume,diagnostic,0.9548087431693989,238,66095,-0.035787385047064316,0.13328211644195942,-0.2685085291442585,0.42857142857142855,-0.06136055108199473,0.14065100290547639,-0.4362610277527256,0.3487394957983193
CORD30,price_volume,diagnostic,0.955136612021858,238,66117,-0.03326630236502359,0.1391069242866634,-0.23914195886087125,0.40756302521008403,-0.05267818832439364,0.14210222912729364,-0.37070627707891257,0.36134453781512604
CORD60,price_volume,diagnostic,0.9553005464480875,238,66129,-0.03832842645023695,0.1396096700702779,-0.2745399113896828,0.3739495798319328,-0.058195043931580294,0.14504186824432297,-0.40122927700814476,0.31932773109243695
CNTP5,trend_reversal,diagnostic,0.9559153005464481,238,66164,-0.010855220127136316,0.1093196984737252,-0.0992979332974043,0.4369747899159664,-0.021132012215346586,0.11074987861286739,-0.19080844584231788,0.42016806722689076
CNTP10,trend_reversal,diagnostic,0.9559153005464481,238,66164,-0.0012855204586944334,0.11088319957401588,-0.011593464687464515,0.4957983193277311,-0.01703156339309101,0.11964219363499898,-0.14235415513234756,0.44537815126050423
CNTP20,trend_reversal,diagnostic,0.9559153005464481,238,66164,-0.0010946191730437382,0.09256823177791501,-0.011824998188038125,0.4957983193277311,-0.020723552795236567,0.10334406099120816,-0.20052969272225127,0.3907563025210084
CNTP30,trend_reversal,diagnostic,0.9559153005464481,238,66164,0.0070673978661493705,0.0918114134067744,0.07697733434117784,0.5168067226890757,-0.012052510631340116,0.10302486423140364,-0.11698642576484286,0.44537815126050423
CNTP60,trend_reversal,diagnostic,0.9559153005464481,238,66164,0.01707476621960949,0.08328147686066954,0.20502477697622587,0.5168067226890757,0.0022527292870713985,0.09017646191660449,0.024981344789893514,0.4789915966386555
CNTN5,trend_reversal,diagnostic,0.9559153005464481,238,66164,0.014789327334733263,0.11239912816250852,0.131578665924798,0.592436974789916,0.021891723376818044,0.11616414648563464,0.1884550787753196,0.5714285714285714
CNTN10,trend_reversal,diagnostic,0.9559153005464481,238,66164,0.01495705063102772,0.12382152854998162,0.12079523493356148,0.5672268907563025,0.021397682986575958,0.13156423651728208,0.16264057431568943,0.5840336134453782
CNTN20,trend_reversal,diagnostic,0.9559153005464481,238,66164,0.02065592300921951,0.10997663486869046,0.187821013380544,0.6218487394957983,0.02496435707697389,0.11508590474743352,0.2169193276253981,0.5798319327731093
CNTN30,trend_reversal,diagnostic,0.9559153005464481,238,66164,0.01018443637655698,0.10729539576985885,0.0949196030592206,0.5294117647058824,0.009863800833122098,0.11670828178707733,0.08451671708369096,0.5168067226890757
CNTN60,trend_reversal,diagnostic,0.9559153005464481,238,66164,0.0005359692041312062,0.0960307222633036,0.005581226418995883,0.5210084033613446,-0.006271429330942588,0.09938577911989085,-0.06310187822120154,0.5
CNTD5,trend_reversal,diagnostic,0.9559153005464481,238,66164,-0.0130291622311541,0.11374395044634322,-0.11454817755165261,0.42016806722689076,-0.021687333660321027,0.1163139619733396,-0.18645511933719527,0.40756302521008403
CNTD10,trend_reversal,diagnostic,0.9559153005464481,238,66164,-0.0082155089008044,0.12209658626542443,-0.06728696642627498,0.46638655462184875,-0.01871535927485765,0.1286549159107716,-0.14546944547255122,0.4369747899159664
CNTD20,trend_reversal,diagnostic,0.9559153005464481,238,66164,-0.012141005944759954,0.10686365762882606,-0.11361211298727776,0.42016806722689076,-0.022734525475881638,0.11166363837960987,-0.20359828683526968,0.40336134453781514
CNTD30,trend_reversal,diagnostic,0.9559153005464481,238,66164,-0.0021188015856062788,0.10851246450247685,-0.01952588207558327,0.48739495798319327,-0.011724883093942358,0.1134686486052305,-0.10333147735578022,0.4579831932773109
CNTD60,trend_reversal,diagnostic,0.9559153005464481,238,66164,0.012833663724045001,0.09662270456701197,0.13282244356081244,0.542016806722689,0.004759482732353224,0.09513259042715853,0.05002999194053779,0.5210084033613446
SUMP5,trend_reversal,diagnostic,0.9545628415300547,238,66080,-0.031964323770351175,0.15129850497924963,-0.21126662008150732,0.42436974789915966,-0.03774691543513652,0.1540268346559499,-0.24506713729105642,0.42436974789915966
SUMP10,trend_reversal,diagnostic,0.955068306010929,238,66112,-0.03424061058754522,0.17396154060147068,-0.19682862355184125,0.41596638655462187,-0.04811440375031868,0.17874110096947965,-0.2691848908244909,0.3697478991596639
SUMP20,trend_reversal,diagnostic,0.9553825136612022,238,66134,-0.03500434220862814,0.16801482320496292,-0.20834079720410148,0.42436974789915966,-0.04925195209016445,0.17064594662070234,-0.28862069721256023,0.35714285714285715
SUMP30,trend_reversal,diagnostic,0.9555191256830601,238,66143,-0.03177484652915624,0.16333070415680273,-0.19454300826776189,0.4117647058823529,-0.044354147096362026,0.16686658030879464,-0.26580605304119337,0.36554621848739494
SUMP60,trend_reversal,diagnostic,0.9556010928961749,238,66149,-0.012209162969459814,0.1514241339544438,-0.0806289106671263,0.48739495798319327,-0.022350923658298598,0.15256682123002901,-0.1464992419590333,0.42857142857142855
SUMN5,trend_reversal,diagnostic,0.9545628415300547,238,66080,0.031979287944369945,0.15130140200000466,0.2113614779615126,0.5756302521008403,0.03775465990784473,0.15402455241403454,0.2451210493139831,0.5756302521008403
SUMN10,trend_reversal,diagnostic,0.955068306010929,238,66112,0.03424061030802172,0.17396154082288054,0.1968286216945152,0.5840336134453782,0.04811598297489021,0.17874126498173873,0.26919347907606017,0.6302521008403361
SUMN20,trend_reversal,diagnostic,0.9553825136612022,238,66134,0.035004340698364486,0.16801482379932844,0.20834078747820822,0.5756302521008403,0.049252171555516075,0.1706473019946489,0.28861969090528317,0.6428571428571429
SUMN30,trend_reversal,diagnostic,0.9555191256830601,238,66143,0.03177484607157422,0.1633307044357564,0.19454300513393283,0.5882352941176471,0.04435388257665829,0.16686787756166477,0.265802401425449,0.634453781512605
SUMN60,trend_reversal,diagnostic,0.9556010928961749,238,66149,0.012209161863592192,0.15142413399881366,0.08062890334038725,0.5126050420168067,0.022352043079952515,0.15256590360886502,0.1465074603907352,0.5714285714285714
SUMD5,trend_reversal,diagnostic,0.9545628415300547,238,66080,-0.031974683820679736,0.15130047328191387,-0.21133234501588252,0.42436974789915966,-0.037754636744219895,0.15402332083738868,-0.24512285892134247,0.42436974789915966
SUMD10,trend_reversal,diagnostic,0.955068306010929,238,66112,-0.03424061030497929,0.1739615406103223,-0.19682862191752495,0.41596638655462187,-0.04811769433931942,0.17873913234276842,-0.269206265626511,0.3697478991596639
SUMD20,trend_reversal,diagnostic,0.9553825136612022,238,66134,-0.03500434105566469,0.16801482334288761,-0.20834079017080065,0.42436974789915966,-0.04925112352494626,0.17064722027198698,-0.2886136876208537,0.35714285714285715
SUMD30,trend_reversal,diagnostic,0.9555191256830601,238,66143,-0.03177484628335907,0.16333070478819325,-0.19454300601080848,0.4117647058823529,-0.04435325707453229,0.1668676053439723,-0.2657990865459163,0.36554621848739494
SUMD60,trend_reversal,diagnostic,0.9556010928961749,238,66149,-0.01220916193577138,0.1514241338000881,-0.08062890392287175,0.48739495798319327,-0.02235142978408964,0.15256522243428988,-0.14650409462560474,0.42857142857142855
VMA5,volume_dynamics,diagnostic,0.9559153005464481,238,66164,0.010317541029823617,0.11300357082955688,0.09130278763832649,0.5336134453781513,0.013140570735844494,0.12727459612060013,0.10324582545438238,0.5630252100840336
VMA10,volume_dynamics,diagnostic,0.9559153005464481,238,66164,0.013704662064566763,0.11421641119517136,0.11998855436937547,0.5714285714285714,0.01695438028557609,0.12253160223739683,0.13836740870104763,0.5714285714285714
VMA20,volume_dynamics,diagnostic,0.9559153005464481,238,66164,0.012822481171860594,0.12230853212680469,0.1048371765149364,0.542016806722689,0.022317517256225692,0.12849044885262684,0.17369008712719924,0.5798319327731093
VMA30,volume_dynamics,diagnostic,0.9559153005464481,238,66164,0.014949332225255487,0.12502755126958387,0.11956830373348512,0.5294117647058824,0.026480371185195396,0.13046195694981158,0.20297389219282014,0.5966386554621849
VMA60,volume_dynamics,diagnostic,0.9559153005464481,238,66164,0.018084643401063836,0.129337565059553,0.13982514200523902,0.5630252100840336,0.035390466488420445,0.13636695824819486,0.259523765456497,0.6134453781512605
VSTD5,volume_dynamics,diagnostic,0.9559153005464481,238,66164,-0.0014946932721339888,0.10219992906065611,-0.014625188939680003,0.4495798319327731,0.0013275926684097631,0.11863988145001737,0.011190104475694997,0.47478991596638653
VSTD10,volume_dynamics,diagnostic,0.9559153005464481,238,66164,-0.018982577573177922,0.09744050766515717,-0.1948119732545864,0.453781512605042,-0.017257488942674645,0.11652847816790209,-0.1480967503738347,0.46638655462184875
VSTD20,volume_dynamics,diagnostic,0.9559153005464481,238,66164,-0.017791778276393888,0.10435235696247849,-0.17049713867786617,0.4789915966386555,-0.009229268052578668,0.12216577274677752,-0.07554708528475391,0.49159663865546216
VSTD30,volume_dynamics,diagnostic,0.9559153005464481,238,66164,-0.010752892394697584,0.10718131030116025,-0.10032432300448545,0.48739495798319327,-0.0029229617743364027,0.12385313286991965,-0.023600224771111185,0.5336134453781513
VSTD60,volume_dynamics,diagnostic,0.9559153005464481,238,66164,-0.001681423155314448,0.10468308284017634,-0.016062033231114724,0.4789915966386555,0.013523973868818408,0.1207887013205786,0.11196389828652249,0.5630252100840336
WVMA5,price_volume,diagnostic,0.9530601092896175,238,65978,0.0031530611621011792,0.09767401339638693,0.03228147439079036,0.4789915966386555,0.008095550616739382,0.10411991081856817,0.07775218546667892,0.4831932773109244
WVMA10,price_volume,diagnostic,0.9541256830601093,238,66046,-0.013329190992416537,0.09722539236303301,-0.13709577990332242,0.4411764705882353,-0.011816489107847196,0.10416155425516879,-0.11344386316375293,0.42016806722689076
WVMA20,price_volume,diagnostic,0.9548087431693989,238,66095,-0.04331784670699108,0.10505300365189969,-0.4123427717547965,0.3235294117647059,-0.041044138772397355,0.11081977253382581,-0.37036837230350156,0.3487394957983193
WVMA30,price_volume,diagnostic,0.955136612021858,238,66117,-0.03973677022940302,0.11720295821593932,-0.33904238283977817,0.3235294117647059,-0.0426358095531845,0.12496040697555938,-0.34119454781804215,0.33613445378151263
WVMA60,price_volume,diagnostic,0.9553005464480875,238,66129,-0.023099705074483355,0.12585815994109753,-0.18353760364281643,0.4117647058823529,-0.02537952176626795,0.14129938709192133,-0.1796152289730562,0.42016806722689076
VSUMP5,volume_dynamics,diagnostic,0.9559153005464481,238,66164,-0.01951574513297357,0.11488223263924825,-0.1698760955861353,0.42857142857142855,-0.02121776243399543,0.12021617505671223,-0.17649673535184351,0.40756302521008403
VSUMP10,volume_dynamics,diagnostic,0.9559153005464481,238,66164,-0.033959245462501814,0.12508508500570892,-0.27148916644180165,0.36554621848739494,-0.0396728422620727,0.12752152823944768,-0.31110701706443517,0.3319327731092437
VSUMP20,volume_dynamics,diagnostic,0.9559153005464481,238,66164,-0.03538187604738641,0.12846282685018737,-0.27542501527425167,0.39915966386554624,-0.04164764644832764,0.12808095931118213,-0.3251665717707627,0.38235294117647056
VSUMP30,volume_dynamics,diagnostic,0.9559153005464481,238,66164,-0.034638576445091704,0.1261378182275125,-0.274608970821223,0.3949579831932773,-0.03679835930041034,0.13120662007673609,-0.2804611480647001,0.40336134453781514
VSUMP60,volume_dynamics,diagnostic,0.9559153005464481,238,66164,-0.04290202047834646,0.12687482795666719,-0.3381444622963289,0.3907563025210084,-0.04434798502889598,0.13448181717569008,-0.3297693767103011,0.37815126050420167
VSUMN5,volume_dynamics,diagnostic,0.9559153005464481,238,66164,0.019515745280136203,0.1148822322104432,0.16987609750119526,0.5714285714285714,0.02121776243399543,0.12021617505671223,0.17649673535184351,0.592436974789916
VSUMN10,volume_dynamics,diagnostic,0.9559153005464481,238,66164,0.03395924703791362,0.1250850858974357,0.27148917710108716,0.634453781512605,0.0396728422620727,0.12752152823944768,0.31110701706443517,0.6680672268907563
VSUMN20,volume_dynamics,diagnostic,0.9559153005464481,238,66164,0.03538187578189275,0.1284628257481561,0.2754250155703165,0.6008403361344538,0.04164763359140906,0.1280809446982274,0.3251665084883267,0.6176470588235294
VSUMN30,volume_dynamics,diagnostic,0.9559153005464481,238,66164,0.034638572231610966,0.12613781597890034,0.27460894231278843,0.6050420168067226,0.036798436367319366,0.13120672989983587,0.2804615006822558,0.5966386554621849
VSUMN60,volume_dynamics,diagnostic,0.9559153005464481,238,66164,0.04290201419976755,0.12687483165722527,0.33814440294726783,0.6092436974789915,0.04434824571452467,0.1344816744593847,0.32977166511946165,0.6218487394957983
VSUMD5,volume_dynamics,diagnostic,0.9559153005464481,238,66164,-0.01951574495145107,0.1148822322431002,-0.1698760945918439,0.42857142857142855,-0.02121776243399543,0.12021617505671223,-0.17649673535184351,0.40756302521008403
VSUMD10,volume_dynamics,diagnostic,0.9559153005464481,238,66164,-0.03395924679358816,0.12508508539109692,-0.271489176246789,0.36554621848739494,-0.0396728422620727,0.12752152823944768,-0.31110701706443517,0.3319327731092437
VSUMD20,volume_dynamics,diagnostic,0.9559153005464481,238,66164,-0.035381877233503,0.12846282556517746,-0.27542502726247053,0.39915966386554624,-0.04164792733627267,0.12808103133036053,-0.3251685819803387,0.38235294117647056
VSUMD30,volume_dynamics,diagnostic,0.9559153005464481,238,66164,-0.03463857437066537,0.1261378159108415,-0.2746089594190302,0.3949579831932773,-0.03679830060057201,0.1312067263434268,-0.28046047352979725,0.40336134453781514
VSUMD60,volume_dynamics,diagnostic,0.9559153005464481,238,66164,-0.042902018390483805,0.12687482945673392,-0.33814444184229614,0.3907563025210084,-0.04434801435058176,0.1344819085137531,-0.3297693707703918,0.37815126050420167
