,PC01,PC02,PC03,PC04,PC05,PC06,PC07,PC08,PC09,PC10,PC11,PC12,PC13,PC14,PC15,PC16,PC17,PC18,PC19,PC20
BETA10,-0.12186493936950919,0.03491206365692271,-0.055557325550747064,0.11432595278644664,-0.020557411081835824,0.09454136836031034,-0.08712744697880402,-0.02957758766859415,-0.05057749447891796,0.09621218743345478,0.009615564225940385,-0.06634233903017395,-0.09385933007483462,0.018753930493739766,-0.08905090897846266,0.0017141114517008618,-0.09385283061816962,-0.03490567258830227,-0.014001768112277841,-0.050078748172086004
BETA20,-0.09204530722205506,0.14724121704916698,-0.060101525710387835,-0.009994147618396745,0.004580592622525382,-0.022636092248755756,-0.07095620913144346,-0.0900942274605683,-0.03802647710095676,-0.04446230953714554,0.0996326737323762,-0.10456542585118396,-0.051160993446788094,-0.041504661254004725,-0.005944655570693767,-0.012413565578988123,-0.06723377695838696,-0.0321314298033254,-0.058838635800002495,0.08916763413275144
BETA30,-0.06864685398997894,0.17339737214539114,-0.03226142942639004,-0.090281261902593,0.004872356491749691,-0.05558846115115085,-0.03557681352902986,0.014942595251581661,0.006941643880920861,-0.0732508569510692,0.12983901179615143,-0.11824673156604204,0.02282019498767915,-0.09109486635757635,0.014103149358810102,-0.045598281422718226,0.023610710432094686,0.047553398115734065,-0.007203941354708726,-0.05942475816706098
BETA5,-0.12745792396950958,-0.08686135090352909,0.010012436678147885,0.050988606307666905,-0.04766274299851936,0.08216801545099688,-0.0459940000276059,0.12046458097241941,0.02249709175111579,0.010924840097490285,0.06023324475800014,0.01878540192000372,0.13816386992925317,-0.09975080363258626,-0.03225147430428635,-0.009324251679158672,-0.07055741412989222,-0.10844843881095804,0.02341657323664957,0.05167035282099691
BETA60,-0.018537214626561313,0.13093685124762888,0.041431769370260996,-0.13172807509501722,-0.0149035304061109,-0.012398238538214701,0.0030259805004704543,0.24650306687828666,0.0509889670437724,0.07353748767525149,0.013855617577084034,-0.1605422231354557,-0.12031216190150085,-0.013706829347794078,-0.05241093804766414,-0.04771310236410979,0.10158956457248343,0.08363470892098399,0.0526987143495531,0.007722198397747182
CNTD10,-0.10662530787153243,0.003861675794171071,-0.022778254986465574,0.041953217773350454,0.18683396791435622,0.1590527372208601,0.14937202433824398,-0.09201329112026542,0.03996879870539835,0.048985130185757814,-0.00451841171135518,-0.010939810442504513,-0.12108203640256321,0.07258616647271601,0.0466543365721758,0.02575503130286485,-0.12252837865820393,0.03506550491927646,-0.11614712689387083,-0.16541925820493925
CNTD20,-0.09655055088269934,0.07823590935759596,-0.016114553900176742,-0.02920533243831852,0.2210397009487257,0.0833021977052677,0.19491769442007756,-0.11232726083607081,0.06404361870961423,-0.02975227963288246,0.05643605404388878,0.002461566108255042,-0.0015182271592831809,-0.027517855156595952,0.07189390581126265,-0.02169956257049504,-0.05299883045876742,-0.06604786991103606,-0.016084111456913287,0.07921672002664361
CNTD30,-0.08378498403875546,0.09692070894790944,0.006366398931364037,-0.062472064177442055,0.21512682172239772,0.07338491101487188,0.23130670404289994,-0.033487856349279504,0.07568923294486898,0.0042216447089894376,0.05708616728560783,0.0022464439296141156,0.016053228445414985,-0.033103886899691154,0.03694152823285343,-0.04104437359121922,0.036826402463867064,-0.05176223898826582,0.09318769704507185,0.006581661864157318
CNTD5,-0.1041945961226047,-0.06828007017323537,0.010710906324227144,0.036670818415454665,0.13608745303763947,0.17045705535205907,0.12656545823748316,0.046888058095973045,0.06675534360812044,0.016000103764654827,0.035014023393623306,0.02850075752172776,0.06498067798602966,0.014697655189469647,0.09091081827993402,-0.004402484344108833,-0.052244665618027486,0.044886356621303594,-0.22824486817504544,-0.20953377091683315
CNTD60,-0.058082377328173264,0.0848960288766751,0.044805256210620245,-0.07531743928454983,0.18198498889651246,0.08368341249079592,0.24792219127748094,0.087064680031052,0.05541408200156067,0.11008713802956832,0.01184368256286233,0.003802215208398803,-0.09462534373403464,0.007664383724276282,0.007981423347460936,-0.05954041094070536,0.062021179599527215,-0.10097433958054669,0.16653872510632625,0.2537020890938092
CNTN10,0.09879216185458138,-0.00235946029992147,0.021593593234264116,-0.041200069165673404,-0.17603320765996083,-0.15800645871923719,-0.14380053544095206,0.101593300234629,-0.06823136597604032,-0.0414691606506144,0.016630814809578592,0.018493229992104065,0.10866223796012968,-0.06528744711625008,-0.0316215420403729,-0.03263384978764955,0.09350900833558584,-0.025729584327244898,0.11924391157817125,0.16259034016662186
CNTN20,0.08172175150732125,-0.07033246334979427,-0.0007563118679373383,0.020938422835282442,-0.1953745753713933,-0.0909461882328164,-0.16639015654479222,0.13943558559145647,-0.13909557967897623,0.06553901049898786,0.03183751667509227,0.03243304332825023,-0.04115954460925231,0.03527396041973986,0.018937166526149574,-0.02016711006887755,-0.002236915929974298,0.0749181827376664,0.02146562506358521,-0.04496956174546998
CNTN30,0.06496553909854634,-0.08201362742528052,-0.03215409101926258,0.045667136876889905,-0.17612808710468053,-0.08746416926386333,-0.17496179552846727,0.0793326505764908,-0.18189432630509278,0.06806031468202894,0.10699492986317624,0.06137339261306374,-0.08970717863038333,0.05057294151130105,0.11036984150359216,-0.03321268278045619,-0.06935040659085448,0.03875288174337074,-0.07654502500350567,0.026353538133861938
CNTN5,0.09977725889055566,0.06790220363099586,-0.005841688002346533,-0.03563479065185987,-0.131395371122636,-0.17035577797412432,-0.12696044258334316,-0.04188368706280589,-0.0752637064889646,-0.016790999261574763,-0.03644570692606087,-0.02663444564842339,-0.06249026190987195,-0.014494727975552457,-0.09657552371904754,0.004596654338154113,0.04604825677468924,-0.04428349151364864,0.22457480388739454,0.20532444170730277
CNTN60,0.03686411029723395,-0.06183008556741222,-0.07758771691435229,0.03920056569177274,-0.11800107449034225,-0.0977200513948463,-0.14082257290416855,0.004211873894215096,-0.1848882481394942,0.031921153205303476,0.24059537026845973,0.10143122114114582,-0.045563415558374315,0.04639543335251246,0.22326833238679356,-0.07096833647516879,-0.0257824836683645,-0.03836324068743976,-0.11935975012175243,-0.1944955912885635
CNTP60,-0.03794019643636662,0.04863847990485804,-0.011932408739380123,-0.057153724930345234,0.11346562149960107,0.01553142540464672,0.17092914426616235,0.11099655958872584,-0.0934657445613176,0.15933240960902387,0.21630894348455154,0.09346502151965326,-0.15141399491392582,0.05457408016790542,0.20893324423345583,-0.13744071713507658,0.04500545313611087,-0.15071154292877742,0.09993745598348731,0.13733304494492796
CORD10,-0.05029562407662591,0.014042842724799009,-0.10047470847363611,0.10742745884213395,-0.1549281929014143,-0.07784761998081235,0.1896734220666129,-0.006781493919923665,-0.14136126226336637,-0.05702490651820878,-0.17691278019277104,-0.1185972483463388,-0.01979971906057027,0.07027414956845779,0.019289714412697945,0.02083622976453762,0.043249995539123884,-0.07872174119532285,-0.037558895965504616,0.020680253125978487
CORD20,-0.04251796288457177,0.053233038710014585,-0.1032762245305516,0.05498185196796194,-0.18877662652832922,-0.11708964346785625,0.23364737225357413,0.0031330165096135065,-0.09731155501921318,-0.08278198749328525,-0.022269274906169985,-0.07035643840153602,0.07468063109613582,0.028030449350870203,0.024735376221077826,0.05622634827886251,-0.019385787308297014,0.02990385802913191,-0.18623320335089616,-0.014891783191054823
CORD30,-0.03129195332663238,0.05599024670334945,-0.09004859566128733,0.03229501516175525,-0.19914413529773678,-0.10378669697223945,0.24791518568941365,0.05078283673681619,-0.07549894967448492,-0.05158463137433528,0.04104421043989215,-0.07372340632653104,0.0654565553148857,0.05773926346635665,-0.005426960062676622,0.07384086844345038,-0.02423955822352397,0.060253552904766416,-0.1694612075626659,-0.12019814193757761
CORD5,-0.05180897715651291,-0.02957934489557225,-0.05913352140332107,0.10343378599469871,-0.10265618547839932,-0.025586492882860985,0.14504532139710108,0.07662177457766772,-0.12192991236045422,-0.07408835540290185,-0.18008579792763582,-0.1340507685754017,0.07498731970867556,0.09017500618844891,0.022839458205167223,-0.05606828896704689,0.16678980164223234,-0.18181949047722043,0.018945191427936377,-0.024066946343356634
CORD60,-0.013388188547681514,0.03784812960622418,-0.06494459742699717,0.015409869275529245,-0.18047710907072903,-0.05253281001766591,0.2324637649297939,0.10376029016793681,-0.06314883999904576,0.0013710597732703445,0.09107004057061119,-0.09458356529609369,-0.021754543192179565,0.0698957286437094,0.01715276857461051,0.05397584976266636,-0.07753384922431117,0.05153347232651445,-0.12120939136234626,-0.047379508192776816
CORR10,-0.029977875224672962,-0.009756439669473697,-0.06262312533830178,0.0935250263183605,-0.14722868689164872,-0.06726231659787434,0.23894074824282804,0.003227316402372734,-0.07997727378674976,-0.011611428508462418,-0.07789315871015547,-0.012892540571599886,0.030529032812394774,-0.1657471246898871,-0.022739820743637507,-0.025718241236401013,-0.07111510743911936,0.014496890346660206,0.06496536480722903,0.07643113651309426
CORR20,-0.014436304926529506,-0.012334584680318407,-0.054380166908509005,0.09670360761626541,-0.15835245711219031,-0.02285746919807123,0.2624995098446115,-0.025565788047110342,-0.03352713195170742,0.06722269649705845,0.17499786935143985,0.031019617288938553,0.009895274112822164,-0.06075565441688564,-0.16982284152052096,0.044340333353965,-0.03282281553565555,0.16168053996433002,0.008548614791986944,0.06332991797819637
CORR30,-0.009560950319253437,-0.018675053287797626,-0.048039808565266746,0.0915103189879238,-0.14009467428367536,0.009331408018696405,0.23410173871858378,-0.06039117248947928,-0.03174850930026118,0.04740114385896494,0.27465085045689175,-0.0048615347612746135,-0.0031105620344080154,0.06615622600351201,-0.19743933821273835,0.05931187527298016,0.004203817151690228,0.041922632950164324,0.0748337959925288,0.12782507816944472
CORR5,-0.035477961121248916,-0.02778083887188671,-0.041586035951358624,0.07266773532244035,-0.11517181975883685,-0.061494105246583115,0.18508970617648793,0.03847501966715996,-0.09709371080161791,-0.08427615083849896,-0.18354993634547134,-0.10297569334055472,0.02072573153543495,-0.008385047795631151,0.023956140912317042,-0.07996494505945685,0.06744244431711907,-0.23689182687909316,0.21466801410881772,-0.08974566211218042
CORR60,-0.015516157386220674,0.015150692068279117,-0.07081313032973771,0.029086670735360056,-0.07127019694013627,-0.00014620246295211006,0.19915436200895084,-0.04060305914242927,-0.010020040519708267,0.00193301540889328,0.2808639351362829,-0.06711559756582541,0.0005579959219415495,0.0515497356698188,-0.013581822662622318,-0.040386059581490164,-0.01716255814121319,0.010277277617781494,0.1639093571612519,0.08617017593796072
HIGH0,-0.010461089340284408,0.1164500398133737,0.09544081921549746,0.28184914056773547,0.030824390697460454,-0.0711505127962101,-0.030227468829147036,0.1333798221244074,0.08347884070507772,-0.10203922565245621,0.055533896345616396,0.008211383734313557,-0.06712973575971917,-0.06225785115456395,0.0335685792101584,0.10010272842403295,-0.04900649265601322,-0.04939700797762979,0.011612165391821909,-0.027123452557411203
IMAX10,-0.09997063865982325,-0.006877667404710298,-0.04032083378090528,0.1491262959892117,0.014396400028782088,-0.021439793431026758,-0.006144159923327623,-0.016631635536702053,-0.09034786182184082,0.09032836926844559,-0.12097843106437878,0.04964003762656909,-0.10715671577103571,0.07232470558607612,0.08080587207107931,-0.09358220971123979,-0.012667484969754783,0.13152090949075773,0.26193828474174174,-0.09544831115506922
IMAX20,-0.08722444330370474,0.08062615228677719,-0.07150444374064042,0.06297226904772682,0.004645982035478922,-0.11879062876407495,0.006942107914797959,-0.10482714759537652,-0.0820599246921496,0.06451111416507012,0.020328059542121982,0.23957423245607387,0.015797740540490074,-0.026440296637280813,0.15499576601627055,-0.05875349653461348,-0.02391392203219536,0.07832037434631839,0.025305195212639797,0.16593588503886475
IMAX30,-0.06852253189527295,0.10494464059554597,-0.050981911313896164,-0.0004215219718785049,-0.007487695128590338,-0.1265499846905445,0.03648819476413335,-0.03942295425432,-0.0397098202757194,0.0815920642314577,0.12813554236718655,0.3052084905789877,0.10255143499165482,0.04451849557957844,0.09699877298151957,-0.04065960685299569,0.05817532468671498,0.022656940896843947,0.01171757076203388,-0.10830153911386656
IMAX5,-0.09819743804491411,-0.0858580958610774,0.028756172698327215,0.09569760947633173,0.02798322151570606,0.006386438556856232,0.006328090425493564,0.15643603313364943,0.0018113617721292404,-0.057153341985720106,0.002922896763287905,0.0072712694530240995,0.1373551752492992,0.02261105356687892,0.05523530844692762,-0.07825524269086515,0.06171361531044729,0.08040340935253049,0.11265322167165968,0.009887906304355515
IMAX60,-0.03409763384515688,0.08729373602798716,-0.0051473936532712185,-0.056825778162695476,-0.014566594324003944,-0.07760666445772123,0.036198226558593304,0.13309649051920908,0.01928491859098344,0.19327680350761794,0.08012520496456157,0.2489960214182547,-0.01587429633667696,0.19266196652517298,-0.008779091011617423,-0.0038283382296335766,0.015213660317971313,-0.25468030512639933,-0.04718548349713413,-0.12313654500927748
IMIN10,0.07321662544058623,-0.03969629512904942,0.07844143654738397,-0.08488932415594883,-0.03214783858246754,-0.06186321421722323,0.04890755232142242,0.08023708622063304,0.06217845317645185,0.00042138180105721326,0.1222978941075582,0.04593197743372485,0.12262164635592503,-0.2478923637586559,0.09518023500884362,-0.044465167136395145,-0.005275882231175963,-0.11964957180383703,-0.0918394706791597,0.025270880232326043
IMIN20,0.05450118062741142,-0.10996712753976373,0.04472882916291903,0.042653105558682465,-0.05316572503931216,0.08148982657804861,0.020949426770128853,0.09080896264935764,-0.009910048399592508,0.1687833927791453,0.13448407534446896,-0.017170103122983726,-0.1892013022137482,-0.04980407051163064,-0.03079169657123561,-0.03792238511794374,0.14216376767886232,0.08261291343457697,-0.07756701307048255,-0.16135586281955272
IMIN30,0.037167234828222595,-0.10721039415446464,0.013312163998455653,0.08273054103753698,-0.04143244174600891,0.09812125979071108,-0.021315604654191037,-0.04841597352733733,-0.05644036516986907,0.09285121588438887,0.21148964633270692,-0.06521917931512251,-0.23326427544931047,0.012050339657323208,0.009428067822069093,-0.034759809930881444,0.14356563548197124,-0.10327036256362353,-0.09272509365996376,0.16257084649600131
IMIN5,0.07831206673856408,0.04802951877388894,0.044284957045939044,-0.09520446235962252,-0.01314020707206471,-0.12343975754809189,0.028973531350340247,-0.13320206499594958,0.016111433675436135,0.026972346632627132,0.0022787684423801434,-0.03765037025878423,-0.16892156308335393,-0.028470466126183466,-0.0013844986053747673,0.045808525730778996,-0.16251636010946968,-0.1247038122645946,0.12408600952461663,-0.11329837061242165
IMIN60,0.0010913909756726542,-0.035147526146403305,-0.035912851944568884,0.04471565925673426,0.006321750748969879,0.044862636290803455,-0.035637254001518535,-0.17098911324762717,-0.02545387471451703,-0.1421409051469345,0.21934377604272848,-0.14503093420884786,-0.0121547242689982,-0.11655868064946145,0.18388075758698436,-0.1256257832503086,0.27512186344258394,-0.07693240337149893,0.07506178294700559,-0.2161371806497627
IMXD10,-0.11067921542327774,0.01643309042972524,-0.0711498476232923,0.15010241421696166,0.025031828338631167,0.022006478580129003,-0.03199248453850385,-0.054683433368156495,-0.09740671807223487,0.05972998519379344,-0.1549646770424138,0.01057913065865525,-0.1441745694648802,0.18589116140659895,0.0014653093639510402,-0.04054146668885979,-0.006477519643673207,0.16149556497812212,0.23424513591292107,-0.08234495548092638
IMXD20,-0.09251965840746777,0.11929179948943817,-0.07526364180786206,0.019399153553607842,0.03519955702806106,-0.12791384220782342,-0.00793671539830168,-0.1259393158620355,-0.05006446323736146,-0.055585838242839525,-0.06804178839456912,0.1814406264667928,0.12447417756045756,0.010715744271724418,0.1238537205113992,-0.01899660726952613,-0.10603195892422404,0.00888471088169196,0.06788689815679722,0.21031209251323058
IMXD30,-0.07145090330400364,0.1383780731773678,-0.04559704182069397,-0.048745402801023324,0.019774064380803362,-0.14588952329461302,0.0383314582099029,-0.0008279867560382173,0.009351124088289756,-0.002188320492454142,-0.04398072220078666,0.26018429050263264,0.2175387338986657,0.021983188698783088,0.06058479578989828,-0.0070404215310454306,-0.05042633022340303,0.08182070549671039,0.0727128453547912,-0.17048882912529434
IMXD5,-0.10939406242207042,-0.08448351383010044,-0.0010855702797670753,0.1151614610429887,0.023911842532642214,0.07077047204913925,-0.010401276396592095,0.179044010147104,-0.008492205013280794,-0.05710212985479642,-0.0003536514824891694,0.029785895762539847,0.18436021515597392,0.028726808718309873,0.03760694425880741,-0.07974711740077316,0.1319252409369304,0.120922033903521,0.012537751882120111,0.06779740751913438
IMXD60,-0.02760125430032171,0.0898814451840977,0.024332574706251293,-0.07006017418435105,-0.014330820016394748,-0.08526506679230737,0.04846211535557554,0.20725533170086274,0.03763220459928901,0.23357469221741006,-0.09520432320174098,0.27949255638933795,0.0029415572023932853,0.2185515518044466,-0.14685400396596754,0.08994433529645282,-0.17138421988921065,-0.13678384711067157,-0.0906074364186026,0.049286854510136764
KLEN,-0.08887704411543369,0.021444762345921502,0.2083681861042399,0.039583216646413295,-0.08076757848358133,-0.0936277684085679,0.03509441108210081,-0.02728274432692282,0.023652483738030358,-0.016346358882288452,0.0025644847223065636,0.001035675266876916,-0.09308372873630369,-0.050370239577095445,0.03809918037609791,0.039708767969375766,-0.048448779456361196,-0.032905084597396654,0.008474377337207968,-0.08423299492945119
KLOW,-0.03849242448388043,0.037402662145203706,0.08631655872970827,-0.029097790709753116,-0.060187603034579346,0.03497183958881369,-0.019307135037602726,-0.07728091099562462,-0.03290802966717128,0.3025202844046086,0.004826480967562804,-0.17740829617768403,0.1780155183684003,-0.032768967477564435,0.22176332439590135,0.4356508476575853,0.01146322361360498,-0.010468673424208444,0.10560686846038439,-0.017622355551701968
KLOW2,0.009439555493437864,0.011800421752232842,-0.03357794050229468,-0.06615158983366477,-0.02520676192189386,0.08121650071551734,-0.033919152238336615,-0.07473210468962897,-0.03957940197282178,0.33145345728782954,-0.0060821140338396355,-0.18840236229335286,0.2409932015496309,0.006365142757651554,0.21630245213334437,0.41876137615517556,0.04473589704636087,0.005741528309154781,0.10998317212644707,0.04025640020006413
KMID,-0.08444125274510177,-0.11669449901195338,0.08559142254453007,-0.2143919980063863,-0.10201203980022382,-0.031033629998752137,0.06557376947426492,-0.0912015229218008,-0.010796727262434467,-0.12796452377453138,-0.048554377010049644,0.11317396474534015,-0.18411864437695327,0.012170359304114838,-0.0007128490478789014,0.002428277254386422,0.02483369882075142,0.006907681834085908,-0.009347425300412366,-0.038393247945764195
KMID2,-0.07124524704007201,-0.11479932450886697,0.07004041661076743,-0.21224573075787484,-0.053068587935361566,-0.011768100251602246,0.07745652600223905,-0.08468538486407612,-0.015182640368750028,-0.15396056974346814,-0.04017553321861815,0.12700823625885455,-0.18574975878454666,0.04845116004468682,0.012511251045982138,0.02625787020110324,0.07631535693515085,0.08366854801578669,-0.06486300767653885,-0.02758372289958593
KSFT,-0.06739455318350009,-0.1121426766777045,0.06585123607015946,-0.27436166478564306,-0.11030382774019061,-0.00024851368133693057,0.05138017668761116,-0.1608999086059835,-0.06351394799880014,0.08926704889815748,-0.06043994332891621,-0.005939862426922167,-0.014321615821796361,0.011753912456223849,0.01042760344766258,-0.031011764351117962,0.006550446256092253,0.006308005197200955,0.012365501504798412,-0.039307733206822154
KSFT2,-0.05589368298772118,-0.10867406874257497,0.055921448900715265,-0.27527065618991353,-0.06675622922988922,0.023034841366120416,0.059134207795525,-0.17154415498245776,-0.07279364930780723,0.1346015458594118,-0.04960236763670918,-0.03378928204247155,0.038040777686410406,0.047812773669739496,0.04175327168349597,0.022067814608717574,0.050961142362301294,0.08162092689928664,-0.03544393800425169,-0.02736006350397799
KUP,-0.05047346529918174,0.03745167858514468,0.09443159344071997,0.1543834514559029,-0.012378992828568294,-0.04304885453076393,0.011919986832830881,0.11172774345556008,0.0969806003395871,-0.23801842263992473,0.035135965520173215,0.12097362277233992,-0.21625218399772603,-0.0387119696901223,0.14530496673639626,0.40631530376994873,0.04469151725479023,-0.01899300814932595,0.05564747737475705,-0.018437000133630612
KUP2,-0.008548123204325556,0.023852992084443345,-0.01498384731187899,0.13077983605083804,0.020857743901476117,0.001699431881543443,-0.0010550628018836106,0.13740037077533807,0.1000434035526404,-0.278160756576754,0.026427099523828473,0.15046854767724951,-0.21848532330642417,-0.009383380882782153,0.1456258778948988,0.41383959014595373,0.08578202189862384,-0.00495421796483601,0.06334903660675784,0.03363539025253687
LOW0,0.09917324829052321,0.06467296347235088,-0.1604090053254976,0.16773543806114857,0.11960614156469453,0.048504925222963374,-0.050362768453917066,0.12447671915149017,0.027071661378525458,-0.06487600001192845,0.037054835022013774,0.018368859624931698,0.054976962131374735,0.01607088004718658,-0.0567462554680564,-0.062379069787582765,0.01075136846968252,0.008236984638080869,-0.013428579395684925,0.07222210476377122
MA10,0.16051196435033271,0.06287018822979944,0.0041978065081143745,-0.04075970214951233,0.060476203333762336,-0.08830041538989769,0.06060438118313428,-0.024223510596580136,0.017366564692621825,-0.035049923805517365,-0.021445404673359467,-0.007446707423010594,0.0291290913301671,0.04395974127705395,0.06397903897221835,-0.006425371914095333,0.089135054993704,0.07955859331186577,-0.022346062861730673,0.012650494215844327
MA20,0.16259875313580854,-0.04884538104519673,0.03963018394294461,-0.021383752865111988,0.03558281619761702,-0.034779037066761546,0.0864879821053204,0.06204018206842916,0.029967706799869695,0.004301250425477471,-0.045274794551678335,0.02594242863453531,0.05658101609278321,0.048891961333725545,0.041570726887128207,-0.011651029773980989,0.09964522862487275,0.07903180144061922,0.020064496456963204,-0.05240727310148531
MA30,0.1532254467170138,-0.10782303568560912,0.04062041756145427,0.03088208144480365,0.02623573055579314,0.00747290990850684,0.08093525852601784,0.038994109265831765,0.0053056007627050065,0.038930758959332984,-0.06889020113450887,0.0364313575369079,0.005544702254499379,0.08129837143584229,0.02347613998134169,0.0023358444995131705,0.05399209117287677,0.04832521150316833,0.015380912424397056,0.015512129571535062
MA5,0.13643600720849322,0.13027168868803898,-0.0466975228773849,0.05841103421906975,0.07662223486665382,-0.04429917555120611,0.012704726449246206,-0.06554142576671199,-0.02443262385067319,0.04716125686661781,-0.04227012753297372,-0.05978904967046603,-0.04278971889173566,0.0855167865590671,0.023356132753246415,-0.015506951030810751,0.06390977146521394,0.0984719364672916,-0.052513592476692766,-0.0443723206137876
MA60,0.12163968424848313,-0.152951151728428,0.0006859701472242925,0.10474912646030088,0.03481859746161966,0.018726380258028846,0.05617922050331791,-0.12741371874608282,-0.046471322304973285,-0.02606240245823727,-0.03146433108969212,0.07622667446747479,0.05299900461315437,0.04422004707575379,0.058755079814068134,0.0025841932546483235,-0.0367094754470086,0.02038538743685464,-0.01160217555504212,0.06535813591359799
MAX10,0.09765584993557948,0.15278297429954085,0.1365774609388464,0.04691342345519719,-0.06914063698564107,-0.01982438479828817,0.05472404160953394,-0.056062445950705156,0.0773090168570758,0.007226154504226131,-0.014667244590091466,0.07825327942594025,0.028124916479011518,-0.08383236824297034,0.022642601593768616,-0.0019753122813392083,0.05107822913808716,0.017596811978148816,-0.12007798556766948,0.016763333744862788
MAX20,0.11497215762145285,0.06934007855681208,0.18823401228632422,0.03724184591980478,-0.08862500227520739,0.07980620813033598,0.06363791913045076,0.027723983463518165,0.06051128603052232,0.0007292595640589211,0.0010346009250628465,0.043548100512628016,0.062007102089195604,0.06557280456320604,-0.029593786437663007,-0.004626717263664346,0.024253946581848634,0.005637364197061019,-0.01575467771232041,-0.09975479244242903
MAX30,0.11447730713962695,0.02075470932826159,0.1978925270382242,0.06518648536232764,-0.07998504222790939,0.11924036232372634,0.04943004125507954,0.020398025211377967,0.007672900845990729,-0.0024625798080008658,-0.027659986314619318,-0.0005720139057925788,0.0014577225502030518,0.10977134966977634,0.005860377453089012,-0.01394323625181865,-0.07473995368389896,-0.04487614673376427,0.004469975760692659,0.020338906485677842
MAX5,0.06610649560235754,0.1836317835474904,0.08909902630887039,0.13936275504384743,-0.03775226317512406,-0.039584968232549436,0.028138285877364153,-0.07889928395927502,0.02512891972364589,0.07513716575512583,-0.06999719916600905,0.015329095619816577,-0.0998813919412732,-0.06384906836329385,0.04709528398664207,-0.03303638271390757,0.025081494534109287,-0.023935317062495035,-0.02452990793805733,-0.10886373279660047
MAX60,0.10183845522838858,-0.022529300313339485,0.17051118291215392,0.1008317106757013,-0.044387689254371254,0.12391599456123971,0.06269729001295593,-0.08072538406376072,-0.08690647456599634,-0.0739957521663711,-0.018487327667487632,0.00021326290080719894,0.028461454489745283,0.021130418943374085,0.15046167822647175,-0.06937266020595742,-0.17866742015612178,0.05110887621163877,-0.0070956529615486125,0.10658622853946062
MIN10,0.1434757308436357,-0.027040383480172986,-0.10018509832008465,-0.057176703470335634,0.09408115449237635,-0.10984404010834667,0.054809525320006075,0.04241139048764071,0.029940847599794485,-0.059219388610539984,-0.009315225452284715,0.0007389138194236,0.06657815783854,0.019024044902871642,0.05700613834725284,-0.024360219623647688,0.0076563629450483815,-0.021456684592668963,0.055165784693431856,-0.011723353682150786
MIN20,0.13559178677694314,-0.11225073110683247,-0.09026222799253474,-0.003894154333587113,0.06708363313479049,-0.069103047093919,0.072702209968303,0.06719207538877423,0.054058911060975795,0.057853568355625745,-0.049951192268443,0.05454045049143468,0.011903551577594967,-0.015756252363806844,-0.008210133318880897,0.003521428137459346,0.016130378971567595,0.04343504333137374,0.0386543536679057,-0.07675664416592691
MIN30,0.12274993209745165,-0.1441142565617952,-0.10295553646249832,0.03987535654390282,0.055878646048649505,-0.042004592747768785,0.06208417176819874,-0.0007754903245668052,0.05652943205113053,0.08214969532054452,-0.030588344142051384,0.07938651060814256,-0.023355120046673443,0.01037892372316525,-0.06153765957443941,0.03420841179992135,0.003310734586106581,0.0035992767052873686,0.005433148527375593,0.02490711596979832
MIN5,0.13707946535906346,0.04218752877115277,-0.13535644401522254,-0.014975497005666681,0.10930265303911708,-0.06997758755307146,0.013329418347130856,-0.023762420552390768,-0.006519865285163015,-0.048091259321782126,-0.013135569411251772,-0.046971507000165946,-0.0391648497063885,0.12805502786474743,-0.008302076027591091,-0.008861246869463395,0.008521271579217941,0.05714256172296104,0.017465740723144815,-0.010131713021345128
MIN60,0.08858963723029072,-0.14749323692939295,-0.14092777061015943,0.0691685846122829,0.06793022863245128,-0.04503444731427859,0.019949958596251958,-0.16106879679704647,0.07702714952171022,-0.007371057316840133,0.05032503243115211,0.09536454494972547,0.08313408792507435,0.02607432835395514,-0.06354898770737286,0.03980600921059932,0.019058177813121323,-0.05516939284308817,0.04594814278343516,-0.0461763536310494
QTLD30,0.13966760289373714,-0.12896602842803395,-0.046255307012958324,0.02848463936431407,0.042981512870766264,-0.035359614042503894,0.0801212757950103,0.034170050671753126,0.035148542577696514,0.07576355062118796,-0.058976444106851884,0.05073260301049385,-0.030434648213931603,1.2285212124544094e-05,0.0013112897001113539,0.01089871498783693,0.05422227901579016,0.06741164352127624,0.008737691223136827,0.006232847419763203
QTLD60,0.10583380469892276,-0.15674088533470165,-0.08705298509277773,0.08710649345182032,0.04313383017645083,-0.021900227144787215,0.036049101311375155,-0.14547230210592776,0.029745407052652658,-0.0022076514931062925,0.024212008979521537,0.09341453729078944,0.060233156918483945,0.04160453886791626,-0.03260908797433428,0.03692458461959903,0.05679759883271831,-0.0249696977236024,0.02229939750418826,-0.003968907837217012
QTLU10,0.14410750781594037,0.11397420893812808,0.04989324840772398,0.004647624677917226,0.022368809432710458,-0.03835803292155457,0.03905282802099097,-0.05216099516589589,0.026036515221414338,0.01130470652482295,-0.011904682158611896,0.012785929897703037,0.02214121712951691,0.004894224815590767,0.0360111938721835,0.0021584162376307794,0.11074571508939322,0.12352388757516941,-0.09343427205521507,0.03277114878918236
QTLU20,0.15491161664511072,0.017868995423938546,0.09855566995503375,-0.0202004212793316,0.012075740193831123,0.00805758180353211,0.06418723176334536,0.019198507948938515,0.01836351566086985,-0.020687879739518165,-0.005066858625198296,0.0022899160455249487,0.05049376373746328,0.1129625024156715,0.02322497282320215,-0.008350961968000276,0.12899405029926894,0.10618740642072459,-0.01707860997025991,-0.031935401273943696
QTLU30,0.1509917306906816,-0.042160667172592564,0.10936085830422766,0.0066499486106949305,0.013509769026437335,0.03804229570372241,0.062907798379797,0.027854652136513336,-0.0155861125085935,-0.023274282099913265,-0.037923041578893896,-0.01989048535259326,0.017901757763209958,0.1514703670792612,0.04582042706120239,-0.013463191927433739,0.06613734605060098,0.040106792665766285,0.03046595820779871,0.023844326909438822
QTLU5,0.11504416517928001,0.15706410391061792,-0.0007411462961965468,0.1114716629228853,0.041625297523426724,-0.028577377108171955,0.0038756322630085784,-0.061332164496312985,-0.010683326219844441,0.09913565429470257,-0.04638395331741464,-0.0485881835495045,-0.02405666939009752,0.006275882019485945,0.03297844084276104,-0.030883825611255203,0.05316232598138057,0.05664249432541586,-0.021702001819636198,-0.07226096724747955
QTLU60,0.12627168320583648,-0.10256801812351185,0.083218092502436,0.06724417016466706,0.023911224515457883,0.04101153475667524,0.07168071492897718,-0.04549604580401282,-0.0837917787123525,-0.06053839552894513,-0.0677511801739548,0.010312254020544124,0.04168688400661809,0.03589945315180817,0.15420944136853343,-0.052429853815356295,-0.06769617561043595,0.07303302044511878,-0.0019438546747569674,0.10321632901370412
RANK10,-0.14065619557510686,-0.09693182056158973,-0.003711927475354693,0.03957017173024672,0.012742592157531114,0.05237733789637182,0.008191643058942594,0.04782191891695445,-0.041989431233889894,-0.033972922624250404,-0.05030541090941794,0.01547932458702512,0.003932640212139001,0.09201413926359253,0.023972188097630024,0.011075806756564634,0.11015601392098599,0.12824907132797922,0.007741725729549325,-0.0045958650052824734
RANK20,-0.15215332745094926,-0.007944554529425031,-0.04998411434396727,0.0411065230781523,0.02227821655400548,-0.012319091159060647,-0.019299420653972395,-0.0383851908576715,-0.060462247162759504,-0.04201084338939305,-0.06480128473937136,0.0223590381989199,-0.01056648909914514,0.07786651195582905,0.04793228958661545,0.014248132644511457,0.0734400989644671,0.10868008697463613,-0.015831427693666182,0.0835013952700665
RANK5,-0.1108720956361132,-0.1345552244490095,0.04656842192549846,-0.05602808604911481,0.009582088090587276,0.04186499792185534,0.04745498102130635,0.07439288377524184,0.007482722781551631,-0.10848240515906127,0.022188498717971628,0.056694649513008774,0.053489057185399175,0.032355348971920654,0.040579846278349575,0.04603899045304147,0.09121113404983407,0.10587969368137194,-0.03710169781642995,0.03804884180019639
RANK60,-0.13306146837852828,0.09612963713807474,-0.030618528609886734,-0.050772457183623165,0.008155475127568064,-0.08676900792954974,-0.01129003012197258,0.0785817917443375,0.007341181660949283,0.012872922040167064,-0.07943233076881931,0.04718404952373293,0.02437720591869688,0.0610506127305633,-0.031391935469227035,0.04252989513317007,0.10697365997152174,0.07615624285029282,-0.053275980149121716,-0.04468126107801733
RESI10,-0.05871457838793402,-0.170024585088193,0.09541883216820547,-0.14737095654553808,-0.07643828643418474,-0.018110717823397827,0.054325725790558825,0.08775184937531177,0.07472247419356934,-0.11851615031711965,0.035385662861109037,0.12750680917133667,0.13075120205435656,-0.1067755256424221,0.03732268079273143,0.007385220341961776,0.020707514658667662,-0.08629050404290389,0.04549429607890601,0.07438145105749244
RESI20,-0.09535911367256049,-0.18188701489353287,0.04767289274263023,0.046621375137719134,-0.0787495117129261,0.114127810680827,-0.006433601926340931,0.0819546800859751,0.025673655013841362,0.06382849693656936,-0.05155768762180867,0.08698864697088904,0.00893873463720856,0.011024374140680922,-0.07917276860550122,0.02599540918675982,-0.046400626615119206,-0.07797729621297944,0.06661995980007332,-0.08746045392155646
RESI30,-0.11422365027117762,-0.1363665347754301,0.004047872895112356,0.10761092955201211,-0.06310272932245202,0.1207278016553848,-0.054830888889563806,-0.05436149588685191,-0.021974435619688357,0.06208862333195184,-0.0536778924461427,0.06130702664090785,-0.07185479753650416,0.04812754934261755,-0.07344944361949697,0.04370396062351459,-0.14391934097095044,-0.1437527489666695,-6.80152446247001e-05,0.09731165975244183
RESI5,-0.024853666690960063,-0.09550759539023766,0.0787265368745434,-0.24596156978511538,-0.07490296600920673,-0.08254422812097659,0.07441990796575823,-0.13325922372858381,0.012025486266169502,-0.12025390072459509,-0.04305858877044549,0.0952644207814715,-0.21156193301497206,0.02646533059330244,0.017127705671893784,0.046688262448521894,0.025027139544567235,0.018492987175038104,0.06459935274781653,-0.028330053545373268
RESI60,-0.13249890253201305,0.007195825888257689,-0.05348868011010765,0.06362012925429168,-0.02475928919492196,0.023746540930873476,-0.07651632370129136,-0.2019277902717166,-0.040269039241826815,-0.1032314856048478,0.060325865492006824,0.03741492016347682,0.07534938493679136,-0.06643225911057005,0.028643465503388615,0.00640055066651499,-0.15227088922782847,-0.07461502169116428,-0.04915071150569691,-0.02374457835509739
SUMD10,-0.1384819237767312,0.01597485623882747,-0.060498606377497856,0.08167314910964492,0.007959608859037714,0.04972868462673329,-0.031632979076924805,-0.07321357871487073,-0.05266573578720754,0.0474495101511363,-0.059843300396136154,-0.023014870738844572,-0.1378772519687061,0.0729421292983764,-0.02396671195475724,0.021937316295668315,-0.030313400692496384,0.06168826091983267,0.0015980703966591986,-0.019119171160932934
SUMP20,-0.12585120689203494,0.11638083705439668,-0.06494494208886993,-0.028665558299796782,0.004309763848400886,-0.04615202774749363,-0.02132109979129176,-0.06739882414927893,-0.0034648997771855213,-0.07098155181943042,0.07259653107524751,-0.02690004008401808,0.021925178055366614,-0.053918215502990134,0.019215403827645552,-0.021068899026937152,-0.009922928271527189,0.02274285416571141,-0.04658218297540533,0.07955223461309623
ROC5,0.14505647241659292,0.07723633057227543,-0.0005673674652190376,-0.06252477023777901,0.05419794371309684,-0.10841845113350616,0.04921046794442926,-0.09139821484555305,-0.0017665915937527458,-0.036118610723975396,-0.03746850847211966,-0.014708517701830293,-0.08509426726960416,0.08113078292457782,0.037785917269269415,0.02921878461867004,0.047121256852082204,0.09895298623588097,0.03854301778251387,0.016913229378742928
RSQR10,-0.024860614455172545,0.019529847415471053,0.027376893317708397,0.07143156542094489,-0.051145376793738435,0.07846594284073458,-0.03282222782549618,-0.07419346266293349,0.04589760584681941,0.10833827021498135,0.08381692254674349,0.18107225257738438,0.012355783370127195,-0.085553996035694,-0.10673841982931614,0.011756354700734533,0.10226856339508765,0.3611732611662798,-0.019284095947031843,0.12931916650602707
RSQR20,-0.02922690583462096,0.06266429054347901,0.056233983103952126,0.018020137127580434,-0.025008934092220898,0.06268652584427363,-0.07666234954434412,-0.11934297383080822,0.01777683875670282,-0.05048795007491167,0.17490865029154404,0.06935477328042289,0.09334042064324115,0.32980979078259964,-0.13189309246508757,0.040218735961305985,0.20055342793109812,-0.07283334630313798,0.09428566135730848,-0.0008794715695206717
RSQR30,-0.025509431128814673,0.07596908992473989,0.07699134438276448,-0.01884507809734416,-0.0028007580837142265,0.03317928534489859,-0.08407561973399529,-0.06809630310089528,-0.004444197049832168,-0.119686474473179,0.09361456895462249,-0.004059399939293658,0.14220225142446222,0.35729349197259747,0.007446037013001578,-0.019093114550341437,0.08004777079438682,-0.21835961986036762,0.10756256689823848,-0.07441601553821908
RSQR5,-0.015163833338108876,-0.018172578544080803,0.044540878699585895,0.045804832938015,-0.04265947027955082,0.02066418695104207,0.034428415605003246,-0.008216656281848247,0.07864249970555591,0.09696918664028978,-0.00037215597727770195,0.11869534422424853,-0.00735839741729698,-0.20417602067495302,0.11275779977949751,-0.05730624407464774,0.0005918349089378862,0.1009671226129791,0.3680725905177698,-0.17156703024417352
RSQR60,-0.008706119382742147,0.07283982029958183,0.05832870439897505,-0.06996739368054458,0.009415983997335875,-0.0076878296247463,-0.008201729294177255,0.1219784911947252,0.010291925661028748,-0.026983215133847202,-0.139526043213433,-0.0435911857777465,0.018441988292625514,0.08205428862693694,0.22426544916031377,-0.11211361609460191,-0.2626635684554194,0.0808618704216708,-0.07785812029096237,-0.0011633929064366333
RSV10,-0.1447423406413084,-0.08815412187367554,-0.019202720122091257,0.015198002097680314,0.0099370223982943,0.06101667764059794,-0.04063805988062331,0.006888401787110642,-0.07403120124418332,0.015481683160669201,-0.045695238895591954,-0.04372607117054979,-0.04167361691161917,0.10643582575944302,0.0009354168921534254,-0.006596417434712202,0.06631935677498815,0.10783568834775786,0.0378721727400288,0.011323794643618903
RSV20,-0.152763931588371,0.01246258068397255,-0.06936814082694648,-0.010288327696856538,0.033171355854334464,-0.03199720025373779,-0.05943843189098956,-0.0630501537703057,-0.07122088219016869,-0.04631655042057171,-0.032390711957601605,-0.03416040280600158,-0.023033723841165143,0.02812053205354944,0.07010388900320866,-0.021393545956044202,0.0470581236639452,0.060871010633624066,-0.007183616612282569,0.128854562024889
RSV30,-0.14723216955826046,0.06144322539826254,-0.0731846625495518,-0.05664675345513414,0.031797951079443325,-0.07697544700807457,-0.04882918139095958,-0.01696756705384067,-0.03779445646760903,-0.05364265618780357,-0.016441381121978297,-0.010605048890072128,0.039082135767337337,-0.013114965194551855,0.07125206949873118,-0.029161723457830364,0.09902328067667109,0.10518392964482813,0.004217258202951946,-0.018375340352956005
RSV5,-0.12195854659880612,-0.14416241966354873,0.03728645809258902,-0.07133204762217843,-0.014390747131327309,0.06017583779077919,-0.000195890626717289,0.07053388012401128,-0.0265190300940015,-0.03444292456135462,0.021423649416892586,0.008207525722827654,0.1088361383140402,0.018784024238962145,0.019668607654339865,0.015355459804513366,0.07906613142324471,0.07409356712603463,-0.031114152206577234,0.08592554909779912
RSV60,-0.12677228640313773,0.09629058056306071,-0.04319280770104088,-0.10331726006671427,0.0016088968904993167,-0.08673559202368858,-0.040371106790187676,0.14708676469710177,0.01685279293361198,0.05705332325376945,-0.07222133142641705,-0.01051118675217153,-0.04297996758793009,0.022483585140297337,-0.04945733170877323,0.023721760572849818,0.1306230579159789,0.05125529908429076,-0.04070347484756234,-0.040155969995918334
STD10,-0.041735320098407136,0.11635196030871547,0.18259817556379437,0.10540667140316919,-0.13406081544145979,0.08837457153289006,0.0037507475664188806,-0.10943750149845499,0.05154955330798825,0.10614783945842814,-0.0007776209459805723,0.13257188863852756,-0.018399199688140223,-0.11859021178443473,-0.07984353999709774,-0.05105000527809966,0.07491676616015948,0.1542984822826204,-0.0657566668739033,0.03845518068245922
STD20,-0.022357067005669817,0.14505492080881408,0.21827053771361737,0.04058788956063998,-0.11611136816071398,0.11945624728128217,-0.02114189149605118,-0.10227858868135313,0.018124159936348503,-0.04921152659050087,0.09252406413433122,0.04538811100265493,0.06884474022289273,0.13833432174195034,-0.08077203664993579,-0.020801086541066983,0.0895152441833493,0.023198755822710377,0.0009823919034907813,0.025140218670663857
STD30,-0.00915951460899892,0.14050760181396132,0.241547670211512,0.009464848920080269,-0.09332421396135114,0.11708131585064901,-0.02597392457618782,-0.03744540935305962,-0.025888293495797705,-0.10748580948134145,0.050255468303814416,-0.03217749275210609,0.0821292517594009,0.18783338736695737,0.019781243480947244,-0.057077272424532546,0.015239862886701486,-0.04770426146369808,0.05715643323231536,0.00208840897622228
STD5,-0.0524171965000459,0.06287032113246055,0.17471132460758973,0.10284753688794065,-0.11683946453907758,0.003482635060076541,0.04363596285708119,-0.042997981782362256,0.04146598990050597,0.11696558023753935,-0.05387212364761096,0.08929820639899168,-0.003292139811177854,-0.21100775588141488,0.022938576324213898,-0.1738986146987302,0.0033539115324489046,-0.05332855612291651,0.13144708814898146,-0.12325794232102504
STD60,0.01440059803081338,0.09943191109990883,0.2442672438033751,-0.0008250322057739993,-0.06513883337846908,0.10657590130667104,0.029171552237975785,0.07528816926854004,-0.10230484178766008,-0.06694940929755185,-0.0880399146418622,-0.06429888561598947,-0.007063813419581677,0.06526297343465744,0.19890853573549738,-0.11767848733379847,-0.16512419343504633,0.0903202610963908,-0.026738450678470027,0.1061788912114209
SUMN30,0.10776832979420231,-0.14019772371158246,0.04105352595073571,0.0816469301014939,0.008354746776292022,0.04701401909342077,-0.004592325509073323,-0.050890179508872854,-0.030459091461228528,0.03506693107164109,-0.09380626709870982,0.06177223157557741,-0.030994961786547908,0.045961574723372874,0.021235484559147026,0.029934742655053616,-0.06921325910163899,-0.09007992310796382,-0.0248172959541264,0.12972492616899084
SUMD5,-0.13251745277342603,-0.0888073162842831,-0.003308946646307137,0.07484219199616454,0.015598430821304628,0.09907111842067792,0.005917105717774804,0.10216327250592712,-0.015540593682052909,0.005865861234550605,-0.01717671130273383,0.01378272329594069,0.10961967890253545,0.011614572003910839,0.03814095891252808,-0.03359706474852246,0.07833323982969223,0.03469485972511059,-0.06677663676441896,-0.040529411874824936
SUMN60,0.07962785736142326,-0.12594591960833096,-0.01509180305303203,0.11390939229773626,0.015962078159305282,-0.0008704533450947623,0.0028867294401650504,-0.20977749463348264,-0.05326835705596972,-0.08344174175818228,-0.019819795801052118,0.12363659801293096,0.13000683086148485,-0.0013191599449274513,0.06203960364400374,0.038472533869263276,-0.05434464958770423,-0.06416216818161499,-0.06257607936121004,-0.08601627515979177
VMA10,0.06764162627792566,0.13404272203545653,-0.1377131398232334,-0.07023125591337973,-0.05434310661062466,0.20000120376204292,-0.014041440223732583,-0.03116682393485067,-0.10128210127676672,-0.043486386932102494,-0.07081687187865146,0.11410752795051063,-0.007148277036417712,-0.03835610534975465,-0.013132087398029983,0.03769428544671316,0.03328817937171696,-0.047548187536861394,-0.03516778661281275,0.032327796118037884
VMA20,0.08188876751656932,0.09943440345224905,-0.11373160414070864,-0.11859034485852431,-0.05324148654302199,0.19337237216673525,0.002383177476975308,0.06448727337643777,-0.09895481958153214,-0.06685360642979837,0.006817686580353551,0.10004065395151904,0.024238895151013316,-0.051803031591489426,0.03773182985139063,0.011919381261847085,-0.026045985083624146,0.008179826707318118,0.06444853928781852,-0.032290130245547846
VMA5,0.047159675501703364,0.12528688978710847,-0.13993554970357197,0.013370724894170667,-0.05098300945777462,0.2231844719413794,-0.02955517671561929,-0.0325809824034542,-0.09892005795626795,0.045665206874346,-0.13288098600737466,0.11026788645323785,-0.0023057899869002533,-0.04982232090927746,-0.015312029478762203,-0.006840092216076579,0.1187144112464892,-0.08222231585986343,-0.07528636386460306,-0.015476786296545593
VMA60,0.08426239260244595,0.0209762273781122,-0.117802137937699,-0.08894088702156552,-0.0349996220811937,0.1904970562749648,0.003125247701472064,0.08998649420119481,-0.11234432491054386,-0.01374866282051553,0.06418238089563603,0.08035289054248572,-0.06749108996007455,-0.044440852235259364,0.09536665708640557,-0.021374453833661183,-0.05059370200469524,-0.0005697360714110832,0.11156155185318903,0.006346732741934125
VSTD10,0.022633726423525274,0.09626385384880967,-0.13239586562550804,-0.0020634708324977946,-0.14343659158546893,0.14790350398902924,0.015821998071658103,-0.08328072445810702,0.07406776177941865,-0.007697802547532204,-0.15713500515190193,0.09642781921952841,-0.03185256140777118,-0.07631301767670713,-0.022635986670348638,0.016122955917993804,0.13082829683739924,-0.08865136676723485,-0.11166845301153504,0.05669129242137934
VSTD20,0.05167185594152526,0.0910090624724405,-0.11678545420255391,-0.07729839739399536,-0.13851164027309915,0.185786196616139,0.023428243367514208,-0.004093189167780934,0.10129993894556284,-0.10615846373642104,-0.054948199813548475,0.050967683253717234,0.07433437708623991,-0.054204294021263345,-0.07805441494867849,0.04089643342090922,0.016136226402578203,0.018211509170786504,0.037936261855764514,-0.07741762152457564
VSTD30,0.06653016835288154,0.06157602984320303,-0.10079185475814904,-0.08563737264070312,-0.124426523438605,0.20773072836954568,0.02085944390676236,0.04922893417953843,0.07981310664537819,-0.10143893218793777,-0.03919718922784353,0.013311366247439949,0.044692230775066843,-0.01881728193915517,-0.08513729509459993,0.04333676651168089,-0.04610692738526761,0.05821115342308468,0.14789310751240128,-0.1095872235540068
VSTD5,-0.002962301827509988,0.052618844828536,-0.11002806813211904,0.05646764028182856,-0.12458747984903461,0.12144801176864449,0.009465304329757278,-0.034748438988497644,0.044296630497772056,0.0784403180207559,-0.20464002451121627,0.07877403439180153,-0.04894921447771755,-0.07940599116702693,0.08051144588415672,-0.0971121221538159,0.2538186650632121,-0.20143326836955397,-0.06522027320853271,-0.034620643551891116
VSTD60,0.0728268484346321,0.021868481412932756,-0.10806251767603949,-0.07217843006244011,-0.08629505359793356,0.20298986389565837,0.009939675963914572,0.0514583932334093,0.01326590311782185,-0.08439681768429731,-0.02354592376553632,0.002834617659335812,-0.008149362900001263,-0.035945001171051774,-0.008593586863801841,0.009047910380802975,-0.11154192608250801,0.093431958110134,0.17082279918860638,0.006828546588770773
VSUMN10,0.07462068895387251,0.0889269180976288,-0.06501636663728613,-0.1147346148445343,-0.004192117658424928,0.11171500473575983,-0.0063056128551545534,0.058671230333404586,-0.10485818134252319,-0.10096570854929594,0.06548255078167536,0.06378650914969318,0.10277612502821229,-0.03267259238327868,0.012572780005841125,0.03863068364015748,-0.038482171749927366,0.0028884527263872625,-0.014283785434950218,0.05925571907129101
VSUMP20,-0.0776212830827318,-0.030798974387545138,0.055383814057696004,0.08227884710230196,-0.0020112205995233886,-0.1350506411648081,0.0021340530554507216,-0.13621622650193888,0.1408466507519794,-0.0029745370375878584,-0.06206456855424213,-0.027049343264194396,0.035695057669562075,-0.014260592523465577,-0.051631704003903656,-0.016928973044445843,0.04012631699719642,-0.06684090144424222,-0.06309973144076349,0.1202192784307752
VSUMN30,0.07493232318661149,0.005700315699774596,-0.0626573146076326,-0.053048857945691086,0.011630626813798135,0.12658836339133567,-0.00995543424293361,0.10940918036790635,-0.16713151679390992,0.029599788969860708,0.07930963791037779,0.0327473603641035,-0.10913137656394163,0.03587501325622868,0.10702809411891584,0.0019842733810873404,-0.045319026486690166,-0.005004192267002857,-0.0029115439001810017,0.07556852921470592
VSUMD5,-0.06239813530693865,-0.12020954555175802,0.09608597103680051,0.06577973269471611,0.02204715151678431,-0.13299492066761717,0.02104215878663084,0.07460221069017262,0.1085511370522699,0.02937589468915034,0.0435269128276809,-0.06932602337823948,0.07256010804358319,-0.021338685420972357,0.06844767558911616,-0.10295641025401765,0.03542699377606573,-0.03335312755193416,0.033898278665869926,-0.07026370392860996
VSUMP60,-0.0607919175111934,0.0027473124706276814,0.09829015319851987,0.03701569310037372,-0.018335532270647863,-0.09746720314316916,0.013721860981749896,-0.018400139048606504,0.15747020618683788,0.04373115857688713,-0.1198130015341275,-0.044762039958164315,0.026470325378789926,0.02717686339078808,-0.1699813213389977,0.01212420570797126,0.00432788829227881,0.016301494945799452,0.016270611372404847,0.09371032617059051
WVMA10,-0.014666685054449752,-0.01693675415728579,-0.10428591294855463,0.007990999331114128,-0.15582468458100412,0.00815386633029347,-0.032824344655444496,-0.024062869130133373,0.2942042497611952,0.0739048662001667,-0.046971230320762336,-0.012297204545129026,-0.07839762430829744,0.064851994185186,0.2374422872139589,-0.06948390550591496,0.0687184822506913,-0.02004519275581937,-0.1079272723557461,0.17881799338358056
WVMA20,-0.008095343618756422,-0.015803525167378603,-0.1433730196409994,-0.005364278178525675,-0.188944627528712,0.014013133000243223,-0.03842963767665662,-0.02273648280318337,0.3468724457430816,0.021030730603076794,0.04281975607186373,-0.04040115993286093,-0.024690780730433168,0.12639121717725,0.12065021077393501,-0.07313033804382006,-0.07831438788986249,0.0338224108532819,-0.014746527839624615,0.044148187700750324
WVMA30,-0.0017498435653253979,-0.018656917079634787,-0.14848409500440365,-0.011584770604818778,-0.18153001250900133,0.019264591499490443,-0.03552081478758933,-0.02074080700820914,0.34603630123414986,-0.003431447249596777,0.06967435818054088,-0.06383179649832635,-0.010543539332712463,0.1496299275520099,0.07962485479078671,-0.07049987286755752,-0.1401246758473131,0.05493115287595443,0.05126994710105308,-0.0425731338348953
WVMA5,-0.017984918455913903,-0.022164753102016228,-0.053561378560309916,0.007031058989101884,-0.10140300170870203,0.012955945268889933,-0.022372224695206666,0.006198155007830216,0.20847342811843747,0.08090973787169031,-0.0678037915096711,-0.003048786763708394,-0.0457544436572158,0.012178641735050058,0.2911788333149483,-0.07183235054732731,0.1843904254714683,-0.06470173192215302,-0.08444024013344939,0.15917058634434078
WVMA60,0.0023229089552710804,-0.021451206948556,-0.14714650990423006,-0.013007028096907252,-0.13453276223595945,0.012287571718856749,-0.014724742142628136,-0.01997717616413868,0.28601351763634963,-0.020032077408173386,0.06363491496833766,-0.06758094034449343,0.008347430230599863,0.14802640695390337,0.061518323980719485,-0.08063566526122479,-0.18036012756966888,0.08971486230853362,0.12313061280720053,-0.04119665406714318
